date,value
2014-01-01,115.6
2014-01-02,115.9
2014-01-03,115.81
2014-01-04,116.02
2014-01-05,115.89
2014-01-06,116.49
2014-01-07,116.71
2014-01-08,116.37
2014-01-09,115.93
2014-01-10,116.25
2014-01-11,115.98
2014-01-12,115.73
2014-01-13,115.95
2014-01-14,115.26
2014-01-15,114.94
2014-01-16,115.28
2014-01-17,115.23
2014-01-18,115.24
2014-01-19,115.2
2014-01-20,116.16
2014-01-21,115.66
2014-01-22,115.69
2014-01-23,117.04
2014-01-24,118.23
2014-01-25,118.7
2014-01-26,119.17
2014-01-27,118.98
2014-01-28,118.18
2014-01-29,118.86
2014-01-30,118.5
2014-01-31,119.45
2014-02-01,119.42
2014-02-02,119.45
2014-02-03,120.63
2014-02-04,119.69
2014-02-05,119.76
2014-02-06,119.08
2014-02-07,118.45
2014-02-08,118.3
2014-02-09,118.17
2014-02-10,118.53
2014-02-11,118.03
2014-02-12,117.65
2014-02-13,116.97
2014-02-14,116.29
2014-02-15,115.72
2014-02-16,115.82
2014-02-17,115.73
2014-02-18,115.1
2014-02-19,115.08
2014-02-20,115.38
2014-02-21,114.84
2014-02-22,114.6
2014-02-23,114.34
2014-02-24,113.78
2014-02-25,113.96
2014-02-26,113.68
2014-02-27,114.18
2014-02-28,114.05
2014-03-01,114.03
2014-03-02,114.18
2014-03-03,114.16
2014-03-04,113.76
2014-03-05,113.39
2014-03-06,111.79
2014-03-07,110.96
2014-03-08,110.75
2014-03-09,110.87
2014-03-10,110.21
2014-03-11,110.69
2014-03-12,111.22
2014-03-13,111.93
2014-03-14,111.95
2014-03-15,112.04
2014-03-16,111.86
2014-03-17,111.22
2014-03-18,111.48
2014-03-19,110.79
2014-03-20,111.68
2014-03-21,111.9
2014-03-22,111.81
2014-03-23,111.77
2014-03-24,111.4
2014-03-25,111.47
2014-03-26,111.82
2014-03-27,111.87
2014-03-28,110.86
2014-03-29,110.64
2014-03-30,110.58
2014-03-31,109.99
2014-04-01,109.2
2014-04-02,108.9
2014-04-03,108.96
2014-04-04,109.48
2014-04-05,109.49
2014-04-06,109.55
2014-04-07,109.7
2014-04-08,110.62
2014-04-09,110.56
2014-04-10,111.57
2014-04-11,112.23
2014-04-12,112.33
2014-04-13,112.39
2014-04-14,112.26
2014-04-15,112.29
2014-04-16,111.98
2014-04-17,111.62
2014-04-18,111.71
2014-04-19,111.59
2014-04-20,111.61
2014-04-21,111.61
2014-04-22,112.03
2014-04-23,113.05
2014-04-24,113.56
2014-04-25,113.39
2014-04-26,113.23
2014-04-27,113.32
2014-04-28,113.01
2014-04-29,112.71
2014-04-30,113.05
2014-05-01,112.93
2014-05-02,112.83
2014-05-03,112.74
2014-05-04,112.71
2014-05-05,112.73
2014-05-06,113.32
2014-05-07,113.41
2014-05-08,113.74
2014-05-09,113.39
2014-05-10,113.37
2014-05-11,113.34
2014-05-12,112.92
2014-05-13,112.82
2014-05-14,112.57
2014-05-15,112.75
2014-05-16,112.24
2014-05-17,112.25
2014-05-18,112.35
2014-05-19,112.25
2014-05-20,113.05
2014-05-21,113.26
2014-05-22,113.31
2014-05-23,113.64
2014-05-24,113.69
2014-05-25,113.56
2014-05-26,113.54
2014-05-27,113.54
2014-05-28,114.07
2014-05-29,114.4
2014-05-30,114.64
2014-05-31,114.77
2014-06-01,114.81
2014-06-02,114.76
2014-06-03,115.23
2014-06-04,115.61
2014-06-05,115.7
2014-06-06,115.46
2014-06-07,115.41
2014-06-08,115.55
2014-06-09,115.13
2014-06-10,115.5
2014-06-11,115.76
2014-06-12,115.89
2014-06-13,115.79
2014-06-14,115.75
2014-06-15,115.73
2014-06-16,115.96
2014-06-17,116.22
2014-06-18,117.29
2014-06-19,117.26
2014-06-20,117.3
2014-06-21,117.32
2014-06-22,117.26
2014-06-23,117.7
2014-06-24,117.63
2014-06-25,118.55
2014-06-26,119.03
2014-06-27,118.73
2014-06-28,118.62
2014-06-29,118.44
2014-06-30,117.52
2014-07-01,117.17
2014-07-02,117.01
2014-07-03,116.71
2014-07-04,116.68
2014-07-05,116.41
2014-07-06,116.41
2014-07-07,115.56
2014-07-08,115.33
2014-07-09,114.73
2014-07-10,114.52
2014-07-11,114.61
2014-07-12,114.39
2014-07-13,114.37
2014-07-14,114.81
2014-07-15,115.25
2014-07-16,115.24
2014-07-17,115.66
2014-07-18,114.93
2014-07-19,113.39
2014-07-20,113.14
2014-07-21,114.3
2014-07-22,114.33
2014-07-23,113.6
2014-07-24,113.68
2014-07-25,113.6
2014-07-26,113.69
2014-07-27,113.74
2014-07-28,113.84
2014-07-29,113.6
2014-07-30,112.84
2014-07-31,112.91
2014-08-01,114.56
2014-08-02,114.68
2014-08-03,115.04
2014-08-04,114.84
2014-08-05,114.48
2014-08-06,115.15
2014-08-07,115.38
2014-08-08,115.5
2014-08-09,115.52
2014-08-10,115.31
2014-08-11,114.61
2014-08-12,114.44
2014-08-13,114.21
2014-08-14,114.0
2014-08-15,114.2
2014-08-16,114.2
2014-08-17,114.17
2014-08-18,113.94
2014-08-19,113.6
2014-08-20,113.13
2014-08-21,112.93
2014-08-22,112.4
2014-08-23,112.38
2014-08-24,112.08
2014-08-25,112.51
2014-08-26,112.67
2014-08-27,112.49
2014-08-28,112.73
2014-08-29,112.48
2014-08-30,112.45
2014-08-31,112.41
2014-09-01,112.32
2014-09-02,111.85
2014-09-03,112.3
2014-09-04,111.94
2014-09-05,112.05
2014-09-06,111.98
2014-09-07,111.71
2014-09-08,110.99
2014-09-09,110.95
2014-09-10,110.72
2014-09-11,110.65
2014-09-12,110.38
2014-09-13,110.33
2014-09-14,110.54
2014-09-15,111.32
2014-09-16,111.47
2014-09-17,110.49
2014-09-18,110.57
2014-09-19,110.07
2014-09-20,109.87
2014-09-21,110.05
2014-09-22,110.08
2014-09-23,110.03
2014-09-24,109.74
2014-09-25,110.18
2014-09-26,110.05
2014-09-27,110.25
2014-09-28,110.07
2014-09-29,111.01
2014-09-30,111.2
2014-10-01,111.44
2014-10-02,112.02
2014-10-03,111.15
2014-10-04,111.09
2014-10-05,110.92
2014-10-06,111.99
2014-10-07,112.59
2014-10-08,112.9
2014-10-09,113.04
2014-10-10,113.37
2014-10-11,113.47
2014-10-12,113.81
2014-10-13,114.0
2014-10-14,113.94
2014-10-15,115.11
2014-10-16,115.01
2014-10-17,113.87
2014-10-18,113.45
2014-10-19,113.23
2014-10-20,112.79
2014-10-21,112.19
2014-10-22,112.29
2014-10-23,111.52
2014-10-24,111.59
2014-10-25,111.59
2014-10-26,112.05
2014-10-27,112.72
2014-10-28,112.49
2014-10-29,111.38
2014-10-30,111.15
2014-10-31,108.44
2014-11-01,107.85
2014-11-02,107.23
2014-11-03,106.58
2014-11-04,106.91
2014-11-05,106.05
2014-11-06,105.74
2014-11-07,106.1
2014-11-08,105.99
2014-11-09,106.28
2014-11-10,106.03
2014-11-11,105.53
2014-11-12,105.63
2014-11-13,105.59
2014-11-14,105.11
2014-11-15,105.04
2014-11-16,104.96
2014-11-17,104.71
2014-11-18,103.99
2014-11-19,103.24
2014-11-20,103.12
2014-11-21,103.04
2014-11-22,103.08
2014-11-23,103.11
2014-11-24,102.82
2014-11-25,103.17
2014-11-26,103.48
2014-11-27,103.31
2014-11-28,103.12
2014-11-29,103.16
2014-11-30,102.81
2014-12-01,103.46
2014-12-02,103.09
2014-12-03,103.04
2014-12-04,102.89
2014-12-05,101.94
2014-12-06,101.88
2014-12-07,101.66
2014-12-08,102.33
2014-12-09,102.9
2014-12-10,104.4
2014-12-11,104.22
2014-12-12,105.2
2014-12-13,105.56
2014-12-14,105.78
2014-12-15,107.58
2014-12-16,109.52
2014-12-17,107.22
2014-12-18,106.16
2014-12-19,105.05
2014-12-20,104.47
2014-12-21,104.12
2014-12-22,103.74
2014-12-23,103.41
2014-12-24,103.56
2014-12-25,103.61
2014-12-26,103.31
2014-12-27,103.33
2014-12-28,103.18
2014-12-29,103.07
2014-12-30,103.91
2014-12-31,103.71
2015-01-01,103.97
2015-01-02,103.96
2015-01-03,104.01
2015-01-04,103.96
2015-01-05,105.2
2015-01-06,106.34
2015-01-07,106.39
2015-01-08,106.01
2015-01-09,106.47
2015-01-10,106.35
2015-01-11,106.55
2015-01-12,106.33
2015-01-13,106.72
2015-01-14,107.29
2015-01-15,107.94
2015-01-16,107.17
2015-01-17,107.33
2015-01-18,107.26
2015-01-19,107.36
2015-01-20,106.25
2015-01-21,106.13
2015-01-22,105.46
2015-01-23,105.77
2015-01-24,105.73
2015-01-25,105.93
2015-01-26,105.59
2015-01-27,105.88
2015-01-28,106.26
2015-01-29,106.31
2015-01-30,107.75
2015-01-31,108.06
2015-02-01,108.56
2015-02-02,107.95
2015-02-03,107.59
2015-02-04,107.72
2015-02-05,107.39
2015-02-06,106.42
2015-02-07,106.43
2015-02-08,106.11
2015-02-09,106.94
2015-02-10,106.47
2015-02-11,106.23
2015-02-12,107.08
2015-02-13,107.41
2015-02-14,107.48
2015-02-15,107.58
2015-02-16,107.63
2015-02-17,107.34
2015-02-18,108.12
2015-02-19,107.96
2015-02-20,107.96
2015-02-21,108.03
2015-02-22,107.78
2015-02-23,108.11
2015-02-24,108.26
2015-02-25,108.31
2015-02-26,107.78
2015-02-27,108.15
2015-02-28,108.31
2015-03-01,108.32
2015-03-02,108.16
2015-03-03,108.41
2015-03-04,108.49
2015-03-05,108.39
2015-03-06,107.92
2015-03-07,107.86
2015-03-08,108.1
2015-03-09,107.99
2015-03-10,108.48
2015-03-11,108.41
2015-03-12,108.73
2015-03-13,108.83
2015-03-14,108.91
2015-03-15,109.01
2015-03-16,109.06
2015-03-17,108.71
2015-03-18,108.94
2015-03-19,108.28
2015-03-20,108.71
2015-03-21,108.81
2015-03-22,108.77
2015-03-23,108.55
2015-03-24,108.15
2015-03-25,108.51
2015-03-26,108.9
2015-03-27,109.55
2015-03-28,109.69
2015-03-29,109.61
2015-03-30,109.1
2015-03-31,109.0
2015-04-01,108.83
2015-04-02,108.7
2015-04-03,108.8
2015-04-04,108.65
2015-04-05,109.11
2015-04-06,108.61
2015-04-07,108.09
2015-04-08,108.04
2015-04-09,107.52
2015-04-10,107.56
2015-04-11,107.59
2015-04-12,107.47
2015-04-13,108.14
2015-04-14,108.46
2015-04-15,108.5
2015-04-16,108.07
2015-04-17,107.98
2015-04-18,107.98
2015-04-19,107.96
2015-04-20,108.29
2015-04-21,108.25
2015-04-22,107.84
2015-04-23,108.13
2015-04-24,108.58
2015-04-25,108.7
2015-04-26,108.8
2015-04-27,108.83
2015-04-28,109.09
2015-04-29,108.74
2015-04-30,108.55
2015-05-01,108.12
2015-05-02,108.06
2015-05-03,108.08
2015-05-04,108.11
2015-05-05,108.64
2015-05-06,108.89
2015-05-07,109.34
2015-05-08,109.43
2015-05-09,109.43
2015-05-10,109.33
2015-05-11,109.44
2015-05-12,109.8
2015-05-13,110.13
2015-05-14,109.62
2015-05-15,109.64
2015-05-16,109.64
2015-05-17,109.48
2015-05-18,109.48
2015-05-19,109.05
2015-05-20,108.65
2015-05-21,108.46
2015-05-22,108.27
2015-05-23,108.27
2015-05-24,108.32
2015-05-25,108.47
2015-05-26,107.64
2015-05-27,106.84
2015-05-28,106.76
2015-05-29,106.44
2015-05-30,106.5
2015-05-31,106.49
2015-06-01,106.03
2015-06-02,106.35
2015-06-03,106.42
2015-06-04,106.64
2015-06-05,106.27
2015-06-06,106.31
2015-06-07,106.37
2015-06-08,107.19
2015-06-09,107.13
2015-06-10,107.97
2015-06-11,107.72
2015-06-12,107.87
2015-06-13,107.91
2015-06-14,108.03
2015-06-15,108.04
2015-06-16,108.07
2015-06-17,108.02
2015-06-18,108.26
2015-06-19,108.52
2015-06-20,108.56
2015-06-21,108.53
2015-06-22,108.06
2015-06-23,107.31
2015-06-24,107.36
2015-06-25,107.65
2015-06-26,107.6
2015-06-27,107.64
2015-06-28,108.48
2015-06-29,108.54
2015-06-30,108.99
2015-07-01,108.4
2015-07-02,108.27
2015-07-03,108.52
2015-07-04,108.61
2015-07-05,108.95
2015-07-06,108.67
2015-07-07,108.92
2015-07-08,110.37
2015-07-09,109.53
2015-07-10,108.77
2015-07-11,108.5
2015-07-12,108.57
2015-07-13,107.78
2015-07-14,107.99
2015-07-15,107.76
2015-07-16,107.61
2015-07-17,107.66
2015-07-18,107.64
2015-07-19,107.7
2015-07-20,107.78
2015-07-21,107.93
2015-07-22,108.01
2015-07-23,108.32
2015-07-24,108.58
2015-07-25,108.71
2015-07-26,108.68
2015-07-27,109.11
2015-07-28,108.92
2015-07-29,108.74
2015-07-30,108.58
2015-07-31,109.01
2015-08-01,109.02
2015-08-02,109.16
2015-08-03,108.95
2015-08-04,108.58
2015-08-05,108.35
2015-08-06,108.45
2015-08-07,108.81
2015-08-08,108.86
2015-08-09,108.89
2015-08-10,108.67
2015-08-11,109.01
2015-08-12,110.54
2015-08-13,110.27
2015-08-14,111.08
2015-08-15,111.09
2015-08-16,111.25
2015-08-17,111.11
2015-08-18,111.24
2015-08-19,111.31
2015-08-20,111.94
2015-08-21,113.24
2015-08-22,113.78
2015-08-23,114.1
2015-08-24,117.33
2015-08-25,117.26
2015-08-26,117.79
2015-08-27,116.34
2015-08-28,115.99
2015-08-29,115.51
2015-08-30,115.84
2015-08-31,116.05
2015-09-01,117.36
2015-09-02,117.23
2015-09-03,118.15
2015-09-04,118.84
2015-09-05,119.06
2015-09-06,118.86
2015-09-07,119.44
2015-09-08,118.89
2015-09-09,118.48
2015-09-10,118.48
2015-09-11,118.45
2015-09-12,118.47
2015-09-13,118.65
2015-09-14,118.75
2015-09-15,119.49
2015-09-16,119.77
2015-09-17,120.11
2015-09-18,120.07
2015-09-19,120.01
2015-09-20,120.01
2015-09-21,120.02
2015-09-22,121.05
2015-09-23,121.53
2015-09-24,122.16
2015-09-25,121.82
2015-09-26,121.6
2015-09-27,121.59
2015-09-28,121.95
2015-09-29,122.43
2015-09-30,122.37
2015-10-01,122.51
2015-10-02,122.47
2015-10-03,122.45
2015-10-04,122.57
2015-10-05,121.47
2015-10-06,119.59
2015-10-07,117.08
2015-10-08,116.31
2015-10-09,113.18
2015-10-10,112.64
2015-10-11,111.77
2015-10-12,111.92
2015-10-13,113.15
2015-10-14,113.69
2015-10-15,113.31
2015-10-16,113.22
2015-10-17,113.13
2015-10-18,113.1
2015-10-19,113.06
2015-10-20,113.39
2015-10-21,114.6
2015-10-22,113.62
2015-10-23,112.33
2015-10-24,112.11
2015-10-25,112.2
2015-10-26,112.42
2015-10-27,113.12
2015-10-28,112.44
2015-10-29,112.53
2015-10-30,113.59
2015-10-31,113.62
2015-11-01,113.96
2015-11-02,113.46
2015-11-03,112.59
2015-11-04,111.87
2015-11-05,111.38
2015-11-06,110.66
2015-11-07,110.56
2015-11-08,111.08
2015-11-09,111.53
2015-11-10,110.72
2015-11-11,110.56
2015-11-12,110.67
2015-11-13,111.16
2015-11-14,111.36
2015-11-15,111.83
2015-11-16,111.23
2015-11-17,111.49
2015-11-18,111.68
2015-11-19,111.97
2015-11-20,111.39
2015-11-21,111.09
2015-11-22,111.12
2015-11-23,111.48
2015-11-24,111.81
2015-11-25,111.49
2015-11-26,111.95
2015-11-27,111.96
2015-11-28,112.19
2015-11-29,112.22
2015-11-30,112.36
2015-12-01,112.09
2015-12-02,111.92
2015-12-03,112.17
2015-12-04,112.32
2015-12-05,112.41
2015-12-06,112.25
2015-12-07,112.1
2015-12-08,113.28
2015-12-09,114.5
2015-12-10,114.61
2015-12-11,115.27
2015-12-12,115.51
2015-12-13,115.28
2015-12-14,116.02
2015-12-15,115.72
2015-12-16,114.87
2015-12-17,114.45
2015-12-18,114.88
2015-12-19,114.79
2015-12-20,114.67
2015-12-21,113.92
2015-12-22,113.05
2015-12-23,112.91
2015-12-24,113.21
2015-12-25,113.26
2015-12-26,113.23
2015-12-27,113.35
2015-12-28,113.27
2015-12-29,113.55
2015-12-30,114.38
2015-12-31,114.71
2016-01-01,114.71
2016-01-02,114.69
2016-01-03,115.01
2016-01-04,116.49
2016-01-05,116.63
2016-01-06,117.28
2016-01-07,118.15
2016-01-08,118.47
2016-01-09,118.51
2016-01-10,119.04
2016-01-11,117.82
2016-01-12,118.06
2016-01-13,117.83
2016-01-14,117.51
2016-01-15,118.65
2016-01-16,119.12
2016-01-17,119.41
2016-01-18,118.51
2016-01-19,118.04
2016-01-20,118.85
2016-01-21,118.05
2016-01-22,116.99
2016-01-23,116.54
2016-01-24,116.37
2016-01-25,116.9
2016-01-26,116.77
2016-01-27,117.04
2016-01-28,116.7
2016-01-29,114.16
2016-01-30,113.78
2016-01-31,113.64
2016-02-01,113.24
2016-02-02,114.4
2016-02-03,115.71
2016-02-04,116.49
2016-02-05,116.48
2016-02-06,116.57
2016-02-07,116.45
2016-02-08,117.73
2016-02-09,117.96
2016-02-10,118.71
2016-02-11,119.53
2016-02-12,119.17
2016-02-13,119.19
2016-02-14,118.97
2016-02-15,117.56
2016-02-16,117.7
2016-02-17,118.0
2016-02-18,119.03
2016-02-19,119.62
2016-02-20,119.87
2016-02-21,119.83
2016-02-22,119.01
2016-02-23,119.65
2016-02-24,119.55
2016-02-25,119.11
2016-02-26,117.98
2016-02-27,117.74
2016-02-28,117.83
2016-02-29,118.52
2016-03-01,117.04
2016-03-02,117.35
2016-03-03,116.32
2016-03-04,115.33
2016-03-05,115.06
2016-03-06,114.91
2016-03-07,115.27
2016-03-08,116.57
2016-03-09,115.85
2016-03-10,116.07
2016-03-11,114.6
2016-03-12,114.37
2016-03-13,114.4
2016-03-14,114.52
2016-03-15,115.92
2016-03-16,116.5
2016-03-17,117.06
2016-03-18,117.4
2016-03-19,117.51
2016-03-20,117.53
2016-03-21,117.43
2016-03-22,117.36
2016-03-23,117.41
2016-03-24,117.53
2016-03-25,117.36
2016-03-26,117.28
2016-03-27,117.06
2016-03-28,117.44
2016-03-29,118.1
2016-03-30,117.94
2016-03-31,117.57
2016-04-01,117.97
2016-04-02,117.78
2016-04-03,117.63
2016-04-04,118.07
2016-04-05,119.49
2016-04-06,120.19
2016-04-07,121.45
2016-04-08,121.44
2016-04-09,121.41
2016-04-10,121.31
2016-04-11,121.51
2016-04-12,120.79
2016-04-13,120.55
2016-04-14,120.46
2016-04-15,121.15
2016-04-16,121.12
2016-04-17,121.57
2016-04-18,120.85
2016-04-19,120.38
2016-04-20,119.89
2016-04-21,120.29
2016-04-22,118.45
2016-04-23,118.32
2016-04-24,118.26
2016-04-25,118.64
2016-04-26,118.63
2016-04-27,118.49
2016-04-28,121.29
2016-04-29,123.27
2016-04-30,123.76
2016-05-01,123.72
2016-05-02,123.39
2016-05-03,123.67
2016-05-04,124.36
2016-05-05,124.28
2016-05-06,124.6
2016-05-07,124.67
2016-05-08,124.58
2016-05-09,123.5
2016-05-10,122.0
2016-05-11,122.42
2016-05-12,121.97
2016-05-13,122.55
2016-05-14,122.6
2016-05-15,122.76
2016-05-16,122.3
2016-05-17,122.2
2016-05-18,122.27
2016-05-19,123.46
2016-05-20,123.45
2016-05-21,123.61
2016-05-22,123.56
2016-05-23,124.24
2016-05-24,123.92
2016-05-25,123.84
2016-05-26,123.82
2016-05-27,123.31
2016-05-28,123.3
2016-05-29,122.99
2016-05-30,122.98
2016-05-31,123.18
2016-06-01,124.25
2016-06-02,125.07
2016-06-03,126.58
2016-06-04,126.5
2016-06-05,126.41
2016-06-06,124.66
2016-06-07,123.91
2016-06-08,123.79
2016-06-09,123.97
2016-06-10,124.43
2016-06-11,124.47
2016-06-12,124.79
2016-06-13,125.37
2016-06-14,126.08
2016-06-15,126.01
2016-06-16,127.71
2016-06-17,128.06
2016-06-18,128.05
2016-06-19,127.51
2016-06-20,127.68
2016-06-21,126.71
2016-06-22,126.82
2016-06-23,124.83
2016-06-24,130.14
2016-06-25,131.33
2016-06-26,131.12
2016-06-27,131.08
2016-06-28,129.28
2016-06-29,128.3
2016-06-30,127.98
2016-07-01,128.1
2016-07-02,127.99
2016-07-03,127.91
2016-07-04,128.02
2016-07-05,128.9
2016-07-06,129.87
2016-07-07,130.37
2016-07-08,130.77
2016-07-09,130.71
2016-07-10,130.44
2016-07-11,128.24
2016-07-12,125.89
2016-07-13,125.8
2016-07-14,124.5
2016-07-15,124.68
2016-07-16,124.68
2016-07-17,124.22
2016-07-18,123.58
2016-07-19,123.36
2016-07-20,122.39
2016-07-21,123.7
2016-07-22,123.42
2016-07-23,123.58
2016-07-24,123.41
2016-07-25,124.13
2016-07-26,125.13
2016-07-27,125.09
2016-07-28,124.95
2016-07-29,127.69
2016-07-30,127.99
2016-07-31,128.0
2016-08-01,127.91
2016-08-02,129.11
2016-08-03,129.19
2016-08-04,129.8
2016-08-05,129.01
2016-08-06,128.95
2016-08-07,128.55
2016-08-08,128.39
2016-08-09,128.69
2016-08-10,129.3
2016-08-11,128.78
2016-08-12,129.51
2016-08-13,129.43
2016-08-14,129.44
2016-08-15,129.44
2016-08-16,130.29
2016-08-17,131.17
2016-08-18,130.97
2016-08-19,131.15
2016-08-20,131.28
2016-08-21,131.01
2016-08-22,131.56
2016-08-23,131.74
2016-08-24,131.8
2016-08-25,131.76
2016-08-26,130.2
2016-08-27,130.08
2016-08-28,129.88
2016-08-29,130.31
2016-08-30,129.12
2016-08-31,128.63
2016-09-01,128.58
2016-09-02,127.69
2016-09-03,127.5
2016-09-04,126.75
2016-09-05,127.22
2016-09-06,128.62
2016-09-07,128.39
2016-09-08,127.91
2016-09-09,127.61
2016-09-10,127.59
2016-09-11,128.06
2016-09-12,129.07
2016-09-13,128.63
2016-09-14,128.89
2016-09-15,129.15
2016-09-16,128.7
2016-09-17,128.7
2016-09-18,128.59
2016-09-19,129.09
2016-09-20,129.29
2016-09-21,130.58
2016-09-22,129.77
2016-09-23,129.59
2016-09-24,129.49
2016-09-25,129.61
2016-09-26,129.78
2016-09-27,129.37
2016-09-28,128.44
2016-09-29,128.24
2016-09-30,128.39
2016-10-01,128.66
2016-10-02,128.54
2016-10-03,127.73
2016-10-04,126.51
2016-10-05,125.88
2016-10-06,125.25
2016-10-07,126.06
2016-10-08,125.98
2016-10-09,126.03
2016-10-10,125.39
2016-10-11,125.81
2016-10-12,124.93
2016-10-13,125.97
2016-10-14,125.25
2016-10-15,125.25
2016-10-16,125.34
2016-10-17,125.77
2016-10-18,125.53
2016-10-19,125.81
2016-10-20,125.08
2016-10-21,125.53
2016-10-22,125.62
2016-10-23,125.51
2016-10-24,124.95
2016-10-25,125.02
2016-10-26,124.37
2016-10-27,123.98
2016-10-28,124.56
2016-10-29,124.54
2016-10-30,124.74
2016-10-31,124.44
2016-11-01,125.11
2016-11-02,125.87
2016-11-03,126.61
2016-11-04,126.7
2016-11-05,126.83
2016-11-06,125.85
2016-11-07,125.5
2016-11-08,124.56
2016-11-09,124.1
2016-11-10,124.38
2016-11-11,124.95
2016-11-12,125.01
2016-11-13,124.73
2016-11-14,123.64
2016-11-15,122.91
2016-11-16,122.95
2016-11-17,121.58
2016-11-18,121.31
2016-11-19,121.06
2016-11-20,120.75
2016-11-21,120.96
2016-11-22,121.06
2016-11-23,119.94
2016-11-24,119.91
2016-11-25,119.57
2016-11-26,119.35
2016-11-27,119.67
2016-11-28,120.72
2016-11-29,120.46
2016-11-30,118.73
2016-12-01,119.13
2016-12-02,119.04
2016-12-03,118.97
2016-12-04,119.07
2016-12-05,118.16
2016-12-06,117.71
2016-12-07,117.27
2016-12-08,116.58
2016-12-09,115.79
2016-12-10,115.66
2016-12-11,115.47
2016-12-12,115.98
2016-12-13,115.59
2016-12-14,113.86
2016-12-15,113.53
2016-12-16,113.65
2016-12-17,113.61
2016-12-18,113.72
2016-12-19,114.4
2016-12-20,113.89
2016-12-21,114.35
2016-12-22,114.47
2016-12-23,114.63
2016-12-24,114.62
2016-12-25,114.6
2016-12-26,114.83
2016-12-27,114.39
2016-12-28,114.84
2016-12-29,115.77
2016-12-30,115.24
2016-12-31,114.67
2017-01-01,115.45
2017-01-02,114.83
2017-01-03,114.71
2017-01-04,114.83
2017-01-05,116.06
2017-01-06,114.01
2017-01-07,114.1
2017-01-08,114.02
2017-01-09,115.14
2017-01-10,114.95
2017-01-11,115.68
2017-01-12,115.9
2017-01-13,116.26
2017-01-14,116.4
2017-01-15,116.68
2017-01-16,117.07
2017-01-17,118.15
2017-01-18,116.28
2017-01-19,116.24
2017-01-20,116.91
2017-01-21,116.96
2017-01-22,117.78
2017-01-23,118.57
2017-01-24,117.17
2017-01-25,117.83
2017-01-26,116.55
2017-01-27,116.07
2017-01-28,116.09
2017-01-29,116.51
2017-01-30,117.42
2017-01-31,118.39
2017-02-01,117.86
2017-02-02,118.39
2017-02-03,118.56
2017-02-04,118.37
2017-02-05,118.57
2017-02-06,119.13
2017-02-07,118.57
2017-02-08,118.9
2017-02-09,117.31
2017-02-10,117.54
2017-02-11,117.6
2017-02-12,116.88
2017-02-13,117.19
2017-02-14,116.6
2017-02-15,116.73
2017-02-16,117.54
2017-02-17,118.08
2017-02-18,118.11
2017-02-19,118.17
2017-02-20,117.85
2017-02-21,117.59
2017-02-22,117.85
2017-02-23,118.48
2017-02-24,118.87
2017-02-25,118.9
2017-02-26,118.86
2017-02-27,118.28
2017-02-28,117.95
2017-03-01,116.95
2017-03-02,116.86
2017-03-03,117.32
2017-03-04,117.32
2017-03-05,117.39
2017-03-06,117.12
2017-03-07,117.14
2017-03-08,116.66
2017-03-09,116.27
2017-03-10,116.57
2017-03-11,116.54
2017-03-12,116.51
2017-03-13,116.23
2017-03-14,116.57
2017-03-15,117.85
2017-03-16,117.81
2017-03-17,118.36
2017-03-18,118.35
2017-03-19,118.41
2017-03-20,118.35
2017-03-21,119.4
2017-03-22,119.66
2017-03-23,120.07
2017-03-24,119.68
2017-03-25,119.65
2017-03-26,120.47
2017-03-27,120.14
2017-03-28,119.67
2017-03-29,119.78
2017-03-30,119.16
2017-03-31,119.6
2017-04-01,119.62
2017-04-02,119.79
2017-04-03,120.42
2017-04-04,120.23
2017-04-05,120.66
2017-04-06,120.19
2017-04-07,119.91
2017-04-08,119.93
2017-04-09,119.81
2017-04-10,120.11
2017-04-11,121.29
2017-04-12,121.95
2017-04-13,121.57
2017-04-14,122.17
2017-04-15,122.22
2017-04-16,122.54
2017-04-17,121.74
2017-04-18,122.37
2017-04-19,122.24
2017-04-20,121.81
2017-04-21,122.14
2017-04-22,122.11
2017-04-23,120.98
2017-04-24,121.36
2017-04-25,119.3
2017-04-26,119.45
2017-04-27,119.63
2017-04-28,119.45
2017-04-29,119.5
2017-04-30,119.8
2017-05-01,119.23
2017-05-02,118.92
2017-05-03,117.98
2017-05-04,118.37
2017-05-05,118.22
2017-05-06,118.24
2017-05-07,118.29
2017-05-08,117.56
2017-05-09,117.33
2017-05-10,116.77
2017-05-11,117.32
2017-05-12,117.57
2017-05-13,117.57
2017-05-14,117.68
2017-05-15,117.14
2017-05-16,118.03
2017-05-17,119.82
2017-05-18,119.69
2017-05-19,119.97
2017-05-20,119.87
2017-05-21,119.75
2017-05-22,120.0
2017-05-23,118.77
2017-05-24,119.28
2017-05-25,119.01
2017-05-26,119.41
2017-05-27,119.46
2017-05-28,119.52
2017-05-29,119.73
2017-05-30,120.17
2017-05-31,120.23
2017-06-01,119.47
2017-06-02,120.54
2017-06-03,120.52
2017-06-04,120.46
2017-06-05,120.38
2017-06-06,121.4
2017-06-07,120.98
2017-06-08,121.04
2017-06-09,120.52
2017-06-10,120.49
2017-06-11,120.43
2017-06-12,120.93
2017-06-13,120.77
2017-06-14,121.38
2017-06-15,119.66
2017-06-16,119.93
2017-06-17,119.93
2017-06-18,119.84
2017-06-19,118.99
2017-06-20,119.36
2017-06-21,119.58
2017-06-22,119.67
2017-06-23,119.67
2017-06-24,119.66
2017-06-25,119.64
2017-06-26,118.97
2017-06-27,118.63
2017-06-28,118.59
2017-06-29,118.96
2017-06-30,118.57
2017-07-01,118.61
2017-07-02,118.72
2017-07-03,117.67
2017-07-04,118.31
2017-07-05,118.08
2017-07-06,118.26
2017-07-07,117.59
2017-07-08,117.64
2017-07-09,117.62
2017-07-10,117.51
2017-07-11,117.74
2017-07-12,117.99
2017-07-13,117.68
2017-07-14,118.38
2017-07-15,118.29
2017-07-16,118.45
2017-07-17,118.18
2017-07-18,118.84
2017-07-19,118.99
2017-07-20,119.11
2017-07-21,119.76
2017-07-22,119.79
2017-07-23,119.94
2017-07-24,119.59
2017-07-25,118.93
2017-07-26,119.91
2017-07-27,119.85
2017-07-28,120.38
2017-07-29,120.35
2017-07-30,120.43
2017-07-31,120.58
2017-08-01,120.58
2017-08-02,120.3
2017-08-03,121.27
2017-08-04,120.3
2017-08-05,120.28
2017-08-06,120.48
2017-08-07,120.56
2017-08-08,120.95
2017-08-09,121.16
2017-08-10,122.44
2017-08-11,122.34
2017-08-12,122.34
2017-08-13,122.26
2017-08-14,121.4
2017-08-15,120.8
2017-08-16,121.6
2017-08-17,122.34
2017-08-18,122.34
2017-08-19,122.34
2017-08-20,122.21
2017-08-21,122.47
2017-08-22,121.6
2017-08-23,122.59
2017-08-24,121.82
2017-08-25,121.93
2017-08-26,121.94
2017-08-27,121.68
2017-08-28,122.3
2017-08-29,121.47
2017-08-30,120.8
2017-08-31,121.19
2017-09-01,120.92
2017-09-02,121.06
2017-09-03,121.55
2017-09-04,121.61
2017-09-05,122.86
2017-09-06,122.14
2017-09-07,122.96
2017-09-08,122.71
2017-09-09,122.38
2017-09-10,122.02
2017-09-11,120.53
2017-09-12,119.66
2017-09-13,119.46
2017-09-14,120.42
2017-09-15,119.48
2017-09-16,119.44
2017-09-17,119.09
2017-09-18,118.85
2017-09-19,118.9
2017-09-20,117.95
2017-09-21,118.3
2017-09-22,118.91
2017-09-23,118.82
2017-09-24,118.44
2017-09-25,119.28
2017-09-26,118.87
2017-09-27,118.85
2017-09-28,119.85
2017-09-29,119.8
2017-09-30,119.75
2017-10-01,119.82
2017-10-02,119.93
2017-10-03,119.98
2017-10-04,119.64
2017-10-05,119.38
2017-10-06,119.83
2017-10-07,119.89
2017-10-08,119.95
2017-10-09,119.83
2017-10-10,120.25
2017-10-11,120.17
2017-10-12,120.33
2017-10-13,120.71
2017-10-14,120.7
2017-10-15,120.67
2017-10-16,120.22
2017-10-17,120.3
2017-10-18,119.55
2017-10-19,119.91
2017-10-20,119.02
2017-10-21,119.04
2017-10-22,118.46
2017-10-23,119.35
2017-10-24,118.67
2017-10-25,119.31
2017-10-26,118.66
2017-10-27,119.41
2017-10-28,119.41
2017-10-29,119.36
2017-10-30,119.93
2017-10-31,119.14
2017-11-01,118.69
2017-11-02,118.7
2017-11-03,118.35
2017-11-04,118.32
2017-11-05,118.23
2017-11-06,118.79
2017-11-07,118.76
2017-11-08,118.59
2017-11-09,119.16
2017-11-10,119.13
2017-11-11,119.13
2017-11-12,118.95
2017-11-13,119.14
2017-11-14,119.34
2017-11-15,119.87
2017-11-16,119.65
2017-11-17,120.61
2017-11-18,120.61
2017-11-19,120.68
2017-11-20,120.13
2017-11-21,120.47
2017-11-22,121.54
2017-11-23,121.43
2017-11-24,121.01
2017-11-25,120.99
2017-11-26,120.66
2017-11-27,121.17
2017-11-28,121.01
2017-11-29,120.58
2017-11-30,120.1
2017-12-01,120.59
2017-12-02,120.59
2017-12-03,119.76
2017-12-04,120.2
2017-12-05,120.19
2017-12-06,120.51
2017-12-07,119.67
2017-12-08,119.36
2017-12-09,119.37
2017-12-10,119.24
2017-12-11,119.3
2017-12-12,119.45
2017-12-13,120.33
2017-12-14,120.62
2017-12-15,120.45
2017-12-16,120.45
2017-12-17,120.29
2017-12-18,120.5
2017-12-19,120.16
2017-12-20,119.89
2017-12-21,119.67
2017-12-22,119.68
2017-12-23,119.67
2017-12-24,119.64
2017-12-25,119.62
2017-12-26,119.75
2017-12-27,119.76
2017-12-28,120.1
2017-12-29,120.34
2017-12-30,120.29
2017-12-31,120.32
2018-01-01,120.27
2018-01-02,120.53
2018-01-03,119.76
2018-01-04,119.14
2018-01-05,118.82
2018-01-06,118.82
2018-01-07,118.7
2018-01-08,118.79
2018-01-09,119.28
2018-01-10,120.68
2018-01-11,120.7
2018-01-12,120.76
2018-01-13,120.76
2018-01-14,120.65
2018-01-15,121.15
2018-01-16,121.41
2018-01-17,120.45
2018-01-18,120.74
2018-01-19,120.63
2018-01-20,120.85
2018-01-21,120.97
2018-01-22,120.64
2018-01-23,121.43
2018-01-24,122.24
2018-01-25,121.7
2018-01-26,123.06
2018-01-27,123.06
2018-01-28,122.54
2018-01-29,122.51
2018-01-30,123.3
2018-01-31,122.65
2018-02-01,122.59
2018-02-02,121.93
2018-02-03,122.18
2018-02-04,122.24
2018-02-05,123.78
2018-02-06,123.4
2018-02-07,124.19
2018-02-08,125.18
2018-02-09,125.27
2018-02-10,125.29
2018-02-11,125.18
2018-02-12,125.42
2018-02-13,126.62
2018-02-14,127.94
2018-02-15,127.98
2018-02-16,127.38
2018-02-17,127.38
2018-02-18,127.45
2018-02-19,127.02
2018-02-20,126.59
2018-02-21,126.51
2018-02-22,127.84
2018-02-23,127.68
2018-02-24,127.67
2018-02-25,127.46
2018-02-26,127.4
2018-02-27,127.23
2018-02-28,128.69
2018-03-01,129.26
2018-03-02,129.84
2018-03-03,129.83
2018-03-04,130.07
2018-03-05,129.25
2018-03-06,130.15
2018-03-07,129.57
2018-03-08,129.53
2018-03-09,129.09
2018-03-10,129.11
2018-03-11,128.96
2018-03-12,129.58
2018-03-13,129.17
2018-03-14,129.53
2018-03-15,129.43
2018-03-16,129.79
2018-03-17,129.79
2018-03-18,129.86
2018-03-19,129.89
2018-03-20,129.22
2018-03-21,129.96
2018-03-22,131.12
2018-03-23,131.58
2018-03-24,131.58
2018-03-25,131.45
2018-03-26,130.3
2018-03-27,130.41
2018-03-28,128.92
2018-03-29,129.31
2018-03-30,129.45
2018-03-31,129.45
2018-04-01,129.4
2018-04-02,130.1
2018-04-03,129.37
2018-04-04,128.96
2018-04-05,128.57
2018-04-06,128.84
2018-04-07,128.84
2018-04-08,128.8
2018-04-09,128.97
2018-04-10,128.45
2018-04-11,128.86
2018-04-12,128.46
2018-04-13,128.21
2018-04-14,128.21
2018-04-15,128.0
2018-04-16,128.71
2018-04-17,128.67
2018-04-18,128.32
2018-04-19,128.27
2018-04-20,128.62
2018-04-21,128.64
2018-04-22,128.38
2018-04-23,127.63
2018-04-24,127.32
2018-04-25,126.84
2018-04-26,126.73
2018-04-27,127.05
2018-04-28,127.05
2018-04-29,126.98
2018-04-30,126.87
2018-05-01,126.73
2018-05-02,126.96
2018-05-03,127.82
2018-05-04,127.79
2018-05-05,127.8
2018-05-06,127.77
2018-05-07,128.35
2018-05-08,128.75
2018-05-09,128.11
2018-05-10,128.63
2018-05-11,127.71
2018-05-12,127.6
2018-05-13,127.69
2018-05-14,127.31
2018-05-15,127.13
2018-05-16,127.61
2018-05-17,126.8
2018-05-18,127.5
2018-05-19,127.67
2018-05-20,127.63
2018-05-21,127.7
2018-05-22,127.75
2018-05-23,129.06
2018-05-24,129.4
2018-05-25,128.97
2018-05-26,128.87
2018-05-27,128.52
2018-05-28,128.19
2018-05-29,129.21
2018-05-30,128.75
2018-05-31,127.87
2018-06-01,126.65
2018-06-02,126.61
2018-06-03,126.47
2018-06-04,126.06
2018-06-05,126.27
2018-06-06,125.78
2018-06-07,126.4
2018-06-08,127.11
2018-06-09,127.24
2018-06-10,127.33
2018-06-11,126.22
2018-06-12,126.24
2018-06-13,126.48
2018-06-14,126.07
2018-06-15,125.98
2018-06-16,126.11
2018-06-17,126.16
2018-06-18,126.66
2018-06-19,126.85
2018-06-20,126.53
2018-06-21,127.75
2018-06-22,127.75
2018-06-23,127.72
2018-06-24,127.76
2018-06-25,128.44
2018-06-26,128.13
2018-06-27,128.23
2018-06-28,128.7
2018-06-29,128.39
2018-06-30,128.36
2018-07-01,128.33
2018-07-02,128.35
2018-07-03,129.14
2018-07-04,128.99
2018-07-05,129.0
2018-07-06,129.05
2018-07-07,129.04
2018-07-08,129.02
2018-07-09,128.24
2018-07-10,128.48
2018-07-11,127.34
2018-07-12,126.63
2018-07-13,126.94
2018-07-14,126.95
2018-07-15,126.98
2018-07-16,126.92
2018-07-17,126.21
2018-07-18,126.68
2018-07-19,127.39
2018-07-20,128.49
2018-07-21,128.48
2018-07-22,128.89
2018-07-23,128.48
2018-07-24,128.87
2018-07-25,129.05
2018-07-26,128.69
2018-07-27,128.65
2018-07-28,128.66
2018-07-29,128.8
2018-07-30,128.65
2018-07-31,127.74
2018-08-01,128.05
2018-08-02,128.13
2018-08-03,128.68
2018-08-04,128.68
2018-08-05,128.76
2018-08-06,128.53
2018-08-07,128.41
2018-08-08,128.88
2018-08-09,128.85
2018-08-10,129.13
2018-08-11,129.13
2018-08-12,129.45
2018-08-13,129.66
2018-08-14,129.03
2018-08-15,129.72
2018-08-16,129.21
2018-08-17,129.75
2018-08-18,129.75
2018-08-19,129.81
2018-08-20,130.38
2018-08-21,130.21
2018-08-22,129.65
2018-08-23,128.95
2018-08-24,128.91
2018-08-25,128.91
2018-08-26,128.84
2018-08-27,128.98
2018-08-28,129.22
2018-08-29,128.48
2018-08-30,129.62
2018-08-31,129.47
2018-09-01,129.47
2018-09-02,129.42
2018-09-03,129.64
2018-09-04,129.44
2018-09-05,129.45
2018-09-06,130.5
2018-09-07,129.71
2018-09-08,129.71
2018-09-09,129.8
2018-09-10,129.63
2018-09-11,129.03
2018-09-12,129.45
2018-09-13,128.37
2018-09-14,128.47
2018-09-15,128.47
2018-09-16,128.53
2018-09-17,129.11
2018-09-18,128.36
2018-09-19,128.32
2018-09-20,128.04
2018-09-21,127.92
2018-09-22,127.92
2018-09-23,128.01
2018-09-24,127.77
2018-09-25,127.67
2018-09-26,127.99
2018-09-27,127.23
2018-09-28,126.85
2018-09-29,126.85
2018-09-30,126.74
2018-10-01,127.97
2018-10-02,132.54
2018-10-03,131.95
2018-10-04,134.26
2018-10-05,133.34
2018-10-06,133.33
2018-10-07,133.57
2018-10-08,135.45
2018-10-09,134.7
2018-10-10,135.64
2018-10-11,135.91
2018-10-12,135.43
2018-10-13,135.43
2018-10-14,135.64
2018-10-15,136.0
2018-10-16,135.39
2018-10-17,135.07
2018-10-18,136.05
2018-10-19,134.87
2018-10-20,134.87
2018-10-21,135.17
2018-10-22,135.05
2018-10-23,134.98
2018-10-24,136.03
2018-10-25,135.52
2018-10-26,135.88
2018-10-27,135.99
2018-10-28,136.11
2018-10-29,135.87
2018-10-30,134.57
2018-10-31,135.09
2018-11-01,134.2
2018-11-02,132.08
2018-11-03,132.08
2018-11-04,132.11
2018-11-05,131.98
2018-11-06,130.78
2018-11-07,128.39
2018-11-08,128.18
2018-11-09,129.25
2018-11-10,128.99
2018-11-11,129.05
2018-11-12,130.32
2018-11-13,130.14
2018-11-14,130.06
2018-11-15,128.75
2018-11-16,129.2
2018-11-17,129.5
2018-11-18,129.66
2018-11-19,129.84
2018-11-20,129.6
2018-11-21,129.13
2018-11-22,129.17
2018-11-23,128.71
2018-11-24,128.68
2018-11-25,128.78
2018-11-26,127.62
2018-11-27,127.62
2018-11-28,127.63
2018-11-29,126.83
2018-11-30,126.26
2018-12-01,126.27
2018-12-02,125.6
2018-12-03,125.71
2018-12-04,127.55
2018-12-05,127.66
2018-12-06,128.92
2018-12-07,129.02
2018-12-08,129.02
2018-12-09,128.79
2018-12-10,129.02
2018-12-11,128.96
2018-12-12,128.81
2018-12-13,128.16
2018-12-14,128.57
2018-12-15,128.57
2018-12-16,128.57
2018-12-17,129.2
2018-12-18,128.75
2018-12-19,129.01
2018-12-20,130.74
2018-12-21,130.85
2018-12-22,131.12
2018-12-23,131.25
2018-12-24,131.9
2018-12-25,131.57
2018-12-26,130.95
2018-12-27,131.37
2018-12-28,132.1
2018-12-29,132.05
2018-12-30,131.99
2018-12-31,131.45
2019-01-01,130.97
2019-01-02,134.12
2019-01-03,133.63
2019-01-04,131.31
2019-01-05,131.08
2019-01-06,131.97
2019-01-07,129.71
2019-01-08,130.06
2019-01-09,130.65
2019-01-10,129.79
2019-01-11,130.12
2019-01-12,129.39
2019-01-13,129.5
2019-01-14,130.54
2019-01-15,129.94
2019-01-16,129.73
2019-01-17,129.87
2019-01-18,128.99
2019-01-19,128.99
2019-01-20,129.25
2019-01-21,129.66
2019-01-22,130.03
2019-01-23,129.58
2019-01-24,129.07
2019-01-25,128.14
2019-01-26,128.16
2019-01-27,127.99
2019-01-28,128.77
2019-01-29,128.68
2019-01-30,128.83
2019-01-31,128.37
2019-02-01,127.41
2019-02-02,127.41
2019-02-03,127.49
2019-02-04,127.02
2019-02-05,126.9
2019-02-06,126.57
2019-02-07,127.31
2019-02-08,127.12
2019-02-09,127.15
2019-02-10,127.34
2019-02-11,127.11
2019-02-12,126.81
2019-02-13,126.86
2019-02-14,127.46
2019-02-15,127.67
2019-02-16,128.0
2019-02-17,127.67
2019-02-18,127.76
2019-02-19,127.66
2019-02-20,126.99
2019-02-21,126.95
2019-02-22,126.92
2019-02-23,126.65
2019-02-24,126.86
2019-02-25,126.24
2019-02-26,126.34
2019-02-27,126.5
2019-02-28,127.49
2019-03-01,126.69
2019-03-02,126.12
2019-03-03,126.1
2019-03-04,126.39
2019-03-05,126.53
2019-03-06,126.7
2019-03-07,127.57
2019-03-08,128.73
2019-03-09,128.73
2019-03-10,128.63
2019-03-11,127.95
2019-03-12,128.14
2019-03-13,127.97
2019-03-14,127.91
2019-03-15,127.69
2019-03-16,127.93
2019-03-17,127.83
2019-03-18,128.0
2019-03-19,127.72
2019-03-20,127.83
2019-03-21,127.34
2019-03-22,130.16
2019-03-23,130.16
2019-03-24,128.7
2019-03-25,128.82
2019-03-26,128.24
2019-03-27,128.49
2019-03-28,128.61
2019-03-29,128.24
2019-03-30,128.43
2019-03-31,128.2
2019-04-01,127.68
2019-04-02,127.75
2019-04-03,127.65
2019-04-04,126.97
2019-04-05,126.2
2019-04-06,126.2
2019-04-07,126.39
2019-04-08,127.39
2019-04-09,127.32
2019-04-10,127.41
2019-04-11,126.62
2019-04-12,126.0
2019-04-13,125.79
2019-04-14,125.88
2019-04-15,125.59
2019-04-16,125.75
2019-04-17,125.43
2019-04-18,125.39
2019-04-19,125.57
2019-04-20,125.57
2019-04-21,125.58
2019-04-22,125.72
2019-04-23,125.75
2019-04-24,125.77
2019-04-25,128.29
2019-04-26,127.13
2019-04-27,127.15
2019-04-28,126.99
2019-04-29,127.13
2019-04-30,128.29
2019-05-01,127.81
2019-05-02,127.81
2019-05-03,127.83
2019-05-04,127.83
2019-05-05,128.67
2019-05-06,129.05
2019-05-07,129.35
2019-05-08,129.79
2019-05-09,130.57
2019-05-10,130.21
2019-05-11,130.21
2019-05-12,130.56
2019-05-13,131.18
2019-05-14,131.57
2019-05-15,132.09
2019-05-16,131.54
2019-05-17,131.82
2019-05-18,131.18
2019-05-19,131.09
2019-05-20,131.31
2019-05-21,130.72
2019-05-22,131.79
2019-05-23,131.99
2019-05-24,131.7
2019-05-25,131.59
2019-05-26,131.29
2019-05-27,131.27
2019-05-28,131.3
2019-05-29,131.44
2019-05-30,131.75
2019-05-31,132.27
2019-06-01,132.27
2019-06-02,131.58
2019-06-03,131.81
2019-06-04,131.9
2019-06-05,131.89
2019-06-06,131.51
2019-06-07,131.46
2019-06-08,131.46
2019-06-09,131.74
2019-06-10,131.48
2019-06-11,131.8
2019-06-12,131.46
2019-06-13,131.83
2019-06-14,131.76
2019-06-15,131.8
2019-06-16,131.94
2019-06-17,131.94
2019-06-18,131.63
2019-06-19,132.18
2019-06-20,131.83
2019-06-21,131.62
2019-06-22,131.62
2019-06-23,131.63
2019-06-24,132.17
2019-06-25,131.77
2019-06-26,131.49
2019-06-27,131.67
2019-06-28,130.91
2019-06-29,130.91
2019-06-30,130.36
2019-07-01,130.33
2019-07-02,131.67
2019-07-03,130.91
2019-07-04,131.14
2019-07-05,129.67
2019-07-06,129.67
2019-07-07,129.68
2019-07-08,129.81
2019-07-09,130.07
2019-07-10,130.34
2019-07-11,130.13
2019-07-12,129.59
2019-07-13,129.59
2019-07-14,129.9
2019-07-15,128.92
2019-07-16,129.51
2019-07-17,129.45
2019-07-18,129.56
2019-07-19,129.23
2019-07-20,129.25
2019-07-21,129.47
2019-07-22,129.24
2019-07-23,129.78
2019-07-24,129.37
2019-07-25,128.61
2019-07-26,128.52
2019-07-27,128.52
2019-07-28,128.91
2019-07-29,128.79
2019-07-30,129.11
2019-07-31,130.3
2019-08-01,131.42
2019-08-02,133.53
2019-08-03,133.53
2019-08-04,133.05
2019-08-05,134.39
2019-08-06,133.73
2019-08-07,134.34
2019-08-08,134.41
2019-08-09,134.66
2019-08-10,134.66
2019-08-11,134.62
2019-08-12,135.2
2019-08-13,134.79
2019-08-14,134.49
2019-08-15,135.29
2019-08-16,133.71
2019-08-17,133.71
2019-08-18,133.57
2019-08-19,134.58
2019-08-20,134.84
2019-08-21,134.02
2019-08-22,133.69
2019-08-23,132.61
2019-08-24,132.61
2019-08-25,134.48
2019-08-26,134.34
2019-08-27,134.81
2019-08-28,134.28
2019-08-29,133.75
2019-08-30,133.47
2019-08-31,133.47
2019-09-01,133.65
2019-09-02,134.46
2019-09-03,134.32
2019-09-04,133.03
2019-09-05,132.16
2019-09-06,131.57
2019-09-07,130.65
2019-09-08,131.91
2019-09-09,130.72
2019-09-10,130.51
2019-09-11,129.97
2019-09-12,129.32
2019-09-13,129.2
2019-09-14,129.2
2019-09-15,129.44
2019-09-16,129.83
2019-09-17,129.06
2019-09-18,130.43
2019-09-19,130.68
2019-09-20,130.6
2019-09-21,130.6
2019-09-22,130.56
2019-09-23,130.8
2019-09-24,131.74
2019-09-25,131.26
2019-09-26,131.65
2019-09-27,131.23
2019-09-28,131.23
2019-09-29,131.18
2019-09-30,131.63
2019-10-01,131.52
2019-10-02,131.96
2019-10-03,132.76
2019-10-04,132.06
2019-10-05,132.03
2019-10-06,132.46
2019-10-07,132.02
2019-10-08,132.54
2019-10-09,131.97
2019-10-10,131.26
2019-10-11,130.35
2019-10-12,130.36
2019-10-13,130.32
2019-10-14,130.5
2019-10-15,130.19
2019-10-16,129.86
2019-10-17,130.26
2019-10-18,130.4
2019-10-19,130.4
2019-10-20,130.51
2019-10-21,129.54
2019-10-22,129.95
2019-10-23,128.84
2019-10-24,129.46
2019-10-25,129.12
2019-10-26,129.13
2019-10-27,129.0
2019-10-28,128.69
2019-10-29,128.66
2019-10-30,128.59
2019-10-31,129.84
2019-11-01,129.31
2019-11-02,129.57
2019-11-03,129.57
2019-11-04,129.35
2019-11-05,128.69
2019-11-06,128.66
2019-11-07,127.93
2019-11-08,128.3
2019-11-09,128.3
2019-11-10,128.33
2019-11-11,128.4
2019-11-12,129.01
2019-11-13,129.41
2019-11-14,129.78
2019-11-15,129.38
2019-11-16,129.39
2019-11-17,129.21
2019-11-18,129.4
2019-11-19,129.89
2019-11-20,129.42
2019-11-21,129.64
2019-11-22,129.71
2019-11-23,129.71
2019-11-24,129.57
2019-11-25,129.07
2019-11-26,129.06
2019-11-27,128.86
2019-11-28,128.53
2019-11-29,128.66
2019-11-30,128.66
2019-12-01,128.52
2019-12-02,129.59
2019-12-03,129.78
2019-12-04,129.6
2019-12-05,128.5
2019-12-06,129.16
2019-12-07,129.16
2019-12-08,129.11
2019-12-09,129.01
2019-12-10,128.81
2019-12-11,128.78
2019-12-12,127.4
2019-12-13,127.81
2019-12-14,127.81
2019-12-15,127.69
2019-12-16,127.9
2019-12-17,127.68
2019-12-18,127.53
2019-12-19,127.84
2019-12-20,127.63
2019-12-21,127.63
2019-12-22,127.51
2019-12-23,127.62
2019-12-24,127.61
2019-12-25,127.46
2019-12-26,127.43
2019-12-27,127.51
2019-12-28,127.51
2019-12-29,127.47
2019-12-30,127.9
2019-12-31,127.74
2020-01-01,127.79
2020-01-02,127.95
2020-01-03,128.96
2020-01-04,128.96
2020-01-05,129.08
2020-01-06,128.16
2020-01-07,128.38
2020-01-08,127.49
2020-01-09,126.3
2020-01-10,125.67
2020-01-11,125.65
2020-01-12,125.36
2020-01-13,124.27
2020-01-14,124.46
2020-01-15,124.4
2020-01-16,123.63
2020-01-17,123.92
2020-01-18,123.92
2020-01-19,123.97
2020-01-20,123.63
2020-01-21,124.29
2020-01-22,124.2
2020-01-23,124.26
2020-01-24,124.54
2020-01-25,124.54
2020-01-26,126.08
2020-01-27,121.34
2020-01-28,124.71
2020-01-29,124.95
2020-01-30,125.98
2020-01-31,127.06
2020-02-01,127.06
2020-02-02,125.88
2020-02-03,126.52
2020-02-04,125.35
2020-02-05,124.48
2020-02-06,124.07
2020-02-07,124.66
2020-02-08,124.66
2020-02-09,124.77
2020-02-10,124.87
2020-02-11,124.41
2020-02-12,124.75
2020-02-13,124.64
2020-02-14,124.73
2020-02-15,124.73
2020-02-16,124.53
2020-02-17,124.3
2020-02-18,124.26
2020-02-19,122.88
2020-02-20,122.41
2020-02-21,123.45
2020-02-22,123.45
2020-02-23,123.6
2020-02-24,125.28
2020-02-25,125.67
2020-02-26,126.26
2020-02-27,127.86
2020-02-28,129.31
2020-02-29,129.31
2020-03-01,129.82
2020-03-02,131.12
2020-03-03,132.62
2020-03-04,132.39
2020-03-05,136.3
2020-03-06,135.3
2020-03-07,135.37
2020-03-08,135.98
2020-03-09,136.91
2020-03-10,137.4
2020-03-11,139.01
2020-03-12,139.01
2020-03-13,135.79
2020-03-14,135.79
2020-03-15,137.38
2020-03-16,143.07
2020-03-17,141.24
2020-03-18,142.85
2020-03-19,143.01
2020-03-20,142.16
2020-03-21,142.08
2020-03-22,143.84
2020-03-23,153.21
2020-03-24,147.8
2020-03-25,146.33
2020-03-26,148.77
2020-03-27,148.45
2020-03-28,148.45
2020-03-29,148.4
2020-03-30,148.32
2020-03-31,149.1
2020-04-01,149.4
2020-04-02,152.27
2020-04-03,153.5
2020-04-04,151.12
2020-04-05,150.7
2020-04-06,149.95
2020-04-07,148.52
2020-04-08,148.73
2020-04-09,147.22
2020-04-10,145.85
2020-04-11,145.85
2020-04-12,145.89
2020-04-13,146.08
2020-04-14,145.47
2020-04-15,147.81
2020-04-16,144.39
2020-04-17,143.59
2020-04-18,143.58
2020-04-19,142.84
2020-04-20,142.84
2020-04-21,143.0
2020-04-22,146.36
2020-04-23,143.07
2020-04-24,145.05
2020-04-25,144.75
2020-04-26,142.8
2020-04-27,142.74
2020-04-28,143.95
2020-04-29,143.02
2020-04-30,141.21
2020-05-01,137.28
2020-05-02,137.29
2020-05-03,139.2
2020-05-04,141.04
2020-05-05,141.24
2020-05-06,145.29
2020-05-07,140.66
2020-05-08,138.43
2020-05-09,138.61
2020-05-10,139.8
2020-05-11,140.4
2020-05-12,139.11
2020-05-13,139.99
2020-05-14,138.04
2020-05-15,138.98
2020-05-16,138.98
2020-05-17,138.27
2020-05-18,138.78
2020-05-19,136.91
2020-05-20,137.46
2020-05-21,136.58
2020-05-22,137.57
2020-05-23,137.57
2020-05-24,136.11
2020-05-25,139.45
2020-05-26,137.13
2020-05-27,137.17
2020-05-28,136.78
2020-05-29,135.96
2020-05-30,135.96
2020-05-31,135.83
2020-06-01,135.71
2020-06-02,131.97
2020-06-03,129.81
2020-06-04,130.03
2020-06-05,127.86
2020-06-06,127.86
2020-06-07,130.15
2020-06-08,129.82
2020-06-09,132.26
2020-06-10,133.27
2020-06-11,130.85
2020-06-12,132.42
2020-06-13,132.42
2020-06-14,131.68
2020-06-15,130.27
2020-06-16,130.76
2020-06-17,132.11
2020-06-18,131.7
2020-06-19,133.25
2020-06-20,133.25
2020-06-21,131.78
2020-06-22,133.89
2020-06-23,134.0
2020-06-24,132.2
2020-06-25,131.77
2020-06-26,133.9
2020-06-27,133.9
2020-06-28,132.29
2020-06-29,131.74
2020-06-30,135.26
2020-07-01,132.76
2020-07-02,133.76
2020-07-03,135.18
2020-07-04,135.18
2020-07-05,134.7
2020-07-06,133.07
2020-07-07,134.24
2020-07-08,133.96
2020-07-09,133.69
2020-07-10,134.66
2020-07-11,134.4
2020-07-12,134.81
2020-07-13,134.13
2020-07-14,134.34
2020-07-15,136.42
2020-07-16,135.66
2020-07-17,138.28
2020-07-18,138.28
2020-07-19,136.96
2020-07-20,137.71
2020-07-21,137.4
2020-07-22,136.51
2020-07-23,136.71
2020-07-24,137.58
2020-07-25,137.58
2020-07-26,137.5
2020-07-27,137.58
2020-07-28,138.64
2020-07-29,138.18
2020-07-30,138.68
2020-07-31,138.89
2020-08-01,138.89
2020-08-02,138.19
2020-08-03,137.53
2020-08-04,137.41
2020-08-05,137.4
2020-08-06,138.07
2020-08-07,138.91
2020-08-08,138.89
2020-08-09,138.62
2020-08-10,138.15
2020-08-11,137.93
2020-08-12,137.92
2020-08-13,137.69
2020-08-14,139.95
2020-08-15,139.95
2020-08-16,138.34
2020-08-17,139.05
2020-08-18,140.55
2020-08-19,140.34
2020-08-20,139.42
2020-08-21,139.54
2020-08-22,139.54
2020-08-23,139.56
2020-08-24,138.86
2020-08-25,137.55
2020-08-26,138.26
2020-08-27,137.29
2020-08-28,137.96
2020-08-29,137.96
2020-08-30,138.42
2020-08-31,137.79
2020-09-01,138.34
2020-09-02,139.0
2020-09-03,138.93
2020-09-04,138.87
2020-09-05,138.87
2020-09-06,138.83
2020-09-07,138.66
2020-09-08,140.1
2020-09-09,139.16
2020-09-10,141.94
2020-09-11,141.34
2020-09-12,141.34
2020-09-13,140.11
2020-09-14,140.58
2020-09-15,140.9
2020-09-16,141.09
2020-09-17,141.61
2020-09-18,141.88
2020-09-19,141.88
2020-09-20,140.89
2020-09-21,140.5
2020-09-22,140.4
2020-09-23,140.86
2020-09-24,141.18
2020-09-25,140.68
2020-09-26,140.68
2020-09-27,140.65
2020-09-28,141.03
2020-09-29,140.79
2020-09-30,140.98
2020-10-01,140.45
2020-10-02,141.0
2020-10-03,141.0
2020-10-04,140.72
2020-10-05,139.9
2020-10-06,140.2
2020-10-07,139.09
2020-10-08,138.52
2020-10-09,139.04
2020-10-10,138.97
2020-10-11,139.14
2020-10-12,139.35
2020-10-13,139.31
2020-10-14,139.81
2020-10-15,139.25
2020-10-16,140.05
2020-10-17,140.05
2020-10-18,139.32
2020-10-19,139.44
2020-10-20,137.92
2020-10-21,139.99
2020-10-22,139.7
2020-10-23,139.95
2020-10-24,139.95
2020-10-25,140.12
2020-10-26,139.75
2020-10-27,140.19
2020-10-28,140.91
2020-10-29,140.18
2020-10-30,139.42
2020-10-31,139.41
2020-11-01,139.97
2020-11-02,139.54
2020-11-03,139.15
2020-11-04,139.14
2020-11-05,138.95
2020-11-06,137.52
2020-11-07,137.52
2020-11-08,137.45
2020-11-09,135.76
2020-11-10,133.51
2020-11-11,133.51
2020-11-12,134.58
2020-11-13,135.34
2020-11-14,135.34
2020-11-15,134.97
2020-11-16,134.72
2020-11-17,134.75
2020-11-18,135.26
2020-11-19,136.51
2020-11-20,136.55
2020-11-21,136.55
2020-11-22,136.34
2020-11-23,135.68
2020-11-24,135.22
2020-11-25,135.4
2020-11-26,135.14
2020-11-27,135.18
2020-11-28,135.18
2020-11-29,135.13
2020-11-30,135.23
2020-12-01,135.39
2020-12-02,134.93
2020-12-03,136.76
2020-12-04,135.79
2020-12-05,135.79
2020-12-06,135.23
2020-12-07,135.6
2020-12-08,135.4
2020-12-09,135.2
2020-12-10,135.36
2020-12-11,136.1
2020-12-12,136.1
2020-12-13,135.16
2020-12-14,135.41
2020-12-15,136.24
2020-12-16,136.13
2020-12-17,136.78
2020-12-18,136.45
2020-12-19,136.45
2020-12-20,136.73
2020-12-21,136.7
2020-12-22,136.65
2020-12-23,136.96
2020-12-24,136.9
2020-12-25,136.27
2020-12-26,136.27
2020-12-27,137.06
2020-12-28,136.26
2020-12-29,136.27
2020-12-30,135.94
2020-12-31,135.18
