,date,value
0,1388534400000,12172.1
1,1388620800000,12157.7
2,1388707200000,12150.5
3,1388793600000,12155.4
4,1388880000000,12150.5
5,1388966400000,12154.166667
6,1389052800000,12210.366667
7,1389139200000,12195.4
8,1389225600000,12151.0
9,1389312000000,12125.816667
10,1389398400000,12092.183333
11,1389484800000,12047.433333
12,1389571200000,11973.433333
13,1389657600000,11997.316667
14,1389744000000,11996.783333
15,1389830400000,12031.1
16,1389916800000,12026.233333
17,1390003200000,12021.516667
18,1390089600000,12014.466667
19,1390176000000,12104.333333
20,1390262400000,12058.633333
21,1390348800000,12093.533333
22,1390435200000,12118.816667
23,1390521600000,12138.816667
24,1390608000000,12158.283333
25,1390694400000,12163.183333
26,1390780800000,12199.166667
27,1390867200000,12189.233333
28,1390953600000,12158.1
29,1391040000000,12178.966667
30,1391126400000,12196.166667
31,1391212800000,12196.166667
32,1391299200000,12196.166667
33,1391385600000,12215.166667
34,1391472000000,12169.85
35,1391558400000,12149.916667
36,1391644800000,12135.9
37,1391731200000,12103.8
38,1391817600000,12101.4
39,1391904000000,12111.0
40,1391990400000,12119.5
41,1392076800000,12104.083333
42,1392163200000,12056.866667
43,1392249600000,11962.733333
44,1392336000000,11848.883333
45,1392422400000,11783.966667
46,1392508800000,11783.966667
47,1392595200000,11795.0
48,1392681600000,11771.966667
49,1392768000000,11773.6
50,1392854400000,11804.033333
51,1392940800000,11762.216667
52,1393027200000,11747.5
53,1393113600000,11724.283333
54,1393200000000,11660.95
55,1393286400000,11650.383333
56,1393372800000,11637.55
57,1393459200000,11668.466667
58,1393545600000,11619.916667
59,1393632000000,11610.266667
60,1393718400000,11599.7
61,1393804800000,11587.433333
62,1393891200000,11612.816667
63,1393977600000,11589.15
64,1394064000000,11508.533333
65,1394150400000,11448.116667
66,1394236800000,11435.016667
67,1394323200000,11440.333333
68,1394409600000,11381.333333
69,1394496000000,11403.516667
70,1394582400000,11437.683333
71,1394668800000,11420.35
72,1394755200000,11371.266667
73,1394841600000,11360.466667
74,1394928000000,11339.033333
75,1395014400000,11312.766667
76,1395100800000,11310.166667
77,1395187200000,11324.65
78,1395273600000,11419.25
79,1395360000000,11445.566667
80,1395446400000,11433.85
81,1395532800000,11427.333333
82,1395619200000,11390.166667
83,1395705600000,11403.45
84,1395792000000,11416.85
85,1395878400000,11435.166667
86,1395964800000,11384.95
87,1396051200000,11367.616667
88,1396137600000,11376.65
89,1396224000000,11344.5
90,1396310400000,11305.066667
91,1396396800000,11292.233333
92,1396483200000,11319.433333
93,1396569600000,11321.516667
94,1396656000000,11319.366667
95,1396742400000,11319.366667
96,1396828800000,11313.333333
97,1396915200000,11297.4
98,1397001600000,11291.233333
99,1397088000000,11333.066667
100,1397174400000,11408.283333
101,1397260800000,11414.783333
102,1397347200000,11410.433333
103,1397433600000,11430.166667
104,1397520000000,11432.55
105,1397606400000,11439.4
106,1397692800000,11426.966667
107,1397779200000,11436.95
108,1397865600000,11430.666667
109,1397952000000,11432.85
110,1398038400000,11448.683333
111,1398124800000,11494.333333
112,1398211200000,11589.166667
113,1398297600000,11618.55
114,1398384000000,11590.816667
115,1398470400000,11571.033333
116,1398556800000,11578.666667
117,1398643200000,11576.0
118,1398729600000,11559.866667
119,1398816000000,11566.133333
120,1398902400000,11557.55
121,1398988800000,11532.45
122,1399075200000,11526.116667
123,1399161600000,11521.7
124,1399248000000,11518.033333
125,1399334400000,11532.7
126,1399420800000,11553.2
127,1399507200000,11558.833333
128,1399593600000,11545.866667
129,1399680000000,11543.083333
130,1399766400000,11543.083333
131,1399852800000,11531.95
132,1399939200000,11530.533333
133,1400025600000,11472.516667
134,1400112000000,11458.966667
135,1400198400000,11399.833333
136,1400284800000,11395.5
137,1400371200000,11405.683333
138,1400457600000,11392.283333
139,1400544000000,11454.35
140,1400630400000,11487.0
141,1400716800000,11517.933333
142,1400803200000,11579.7
143,1400889600000,11590.916667
144,1400976000000,11570.7
145,1401062400000,11575.4
146,1401148800000,11579.866667
147,1401235200000,11616.666667
148,1401321600000,11642.883333
149,1401408000000,11665.15
150,1401494400000,11678.7
151,1401580800000,11686.033333
152,1401667200000,11735.583333
153,1401753600000,11803.883333
154,1401840000000,11867.483333
155,1401926400000,11856.116667
156,1402012800000,11834.616667
157,1402099200000,11825.283333
158,1402185600000,11850.6
159,1402272000000,11804.366667
160,1402358400000,11823.083333
161,1402444800000,11816.15
162,1402531200000,11797.95
163,1402617600000,11811.75
164,1402704000000,11806.75
165,1402790400000,11806.75
166,1402876800000,11812.916667
167,1402963200000,11866.95
168,1403049600000,11957.733333
169,1403136000000,11959.0
170,1403222400000,11968.433333
171,1403308800000,11973.183333
172,1403395200000,11971.616667
173,1403481600000,11998.716667
174,1403568000000,11992.383333
175,1403654400000,12074.2
176,1403740800000,12105.666667
177,1403827200000,12047.95
178,1403913600000,12030.95
179,1404000000000,12015.683333
180,1404086400000,11910.0
181,1404172800000,11892.6
182,1404259200000,11901.666667
183,1404345600000,11916.133333
184,1404432000000,11908.566667
185,1404518400000,11882.616667
186,1404604800000,11887.316667
187,1404691200000,11774.983333
188,1404777600000,11721.333333
189,1404864000000,11660.516667
190,1404950400000,11605.8
191,1405036800000,11613.466667
192,1405123200000,11588.916667
193,1405209600000,11591.15
194,1405296000000,11653.65
195,1405382400000,11712.766667
196,1405468800000,11712.95
197,1405555200000,11710.883333
198,1405641600000,11650.15
199,1405728000000,11541.966667
200,1405814400000,11519.3
201,1405900800000,11589.333333
202,1405987200000,11597.883333
203,1406073600000,11533.283333
204,1406160000000,11563.766667
205,1406246400000,11563.5
206,1406332800000,11576.866667
207,1406419200000,11577.2
208,1406505600000,11594.166667
209,1406592000000,11592.2
210,1406678400000,11586.15
211,1406764800000,11597.633333
212,1406851200000,11759.916667
213,1406937600000,11771.416667
214,1407024000000,11800.95
215,1407110400000,11779.783333
216,1407196800000,11747.733333
217,1407283200000,11772.016667
218,1407369600000,11785.35
219,1407456000000,11789.416667
220,1407542400000,11784.783333
221,1407628800000,11775.15
222,1407715200000,11711.016667
223,1407801600000,11702.383333
224,1407888000000,11694.8
225,1407974400000,11681.016667
226,1408060800000,11691.683333
227,1408147200000,11691.683333
228,1408233600000,11691.683333
229,1408320000000,11683.3
230,1408406400000,11681.416667
231,1408492800000,11711.683333
232,1408579200000,11714.65
233,1408665600000,11680.783333
234,1408752000000,11678.516667
235,1408838400000,11673.966667
236,1408924800000,11705.0
237,1409011200000,11726.366667
238,1409097600000,11689.75
239,1409184000000,11697.516667
240,1409270400000,11698.816667
241,1409356800000,11698.816667
242,1409443200000,11704.583333
243,1409529600000,11713.016667
244,1409616000000,11735.7
245,1409702400000,11774.966667
246,1409788800000,11785.466667
247,1409875200000,11772.266667
248,1409961600000,11769.966667
249,1410048000000,11748.066667
250,1410134400000,11744.233333
251,1410220800000,11764.166667
252,1410307200000,11814.216667
253,1410393600000,11833.45
254,1410480000000,11838.433333
255,1410566400000,11840.766667
256,1410652800000,11862.566667
257,1410739200000,11934.566667
258,1410825600000,11946.1
259,1410912000000,11959.6
260,1410998400000,11994.516667
261,1411084800000,11994.2
262,1411171200000,11978.35
263,1411257600000,11991.8
264,1411344000000,11983.3
265,1411430400000,11975.9
266,1411516800000,11965.566667
267,1411603200000,11976.9
268,1411689600000,12021.133333
269,1411776000000,12042.816667
270,1411862400000,12042.816667
271,1411948800000,12144.15
272,1412035200000,12186.733333
273,1412121600000,12164.55
274,1412208000000,12170.166667
275,1412294400000,12176.15
276,1412380800000,12179.266667
277,1412467200000,12181.733333
278,1412553600000,12204.4
279,1412640000000,12198.35
280,1412726400000,12224.05
281,1412812800000,12203.733333
282,1412899200000,12211.883333
283,1412985600000,12219.983333
284,1413072000000,12219.983333
285,1413158400000,12212.816667
286,1413244800000,12218.783333
287,1413331200000,12219.35
288,1413417600000,12243.65
289,1413504000000,12151.466667
290,1413590400000,12116.816667
291,1413676800000,12126.116667
292,1413763200000,12060.283333
293,1413849600000,12009.35
294,1413936000000,12026.1
295,1414022400000,12042.1
296,1414108800000,12057.233333
297,1414195200000,12066.916667
298,1414281600000,12124.533333
299,1414368000000,12162.833333
300,1414454400000,12156.2
301,1414540800000,12099.483333
302,1414627200000,12128.4
303,1414713600000,12109.366667
304,1414800000000,12084.866667
305,1414886400000,12082.433333
306,1414972800000,12101.266667
307,1415059200000,12126.283333
308,1415145600000,12140.216667
309,1415232000000,12163.866667
310,1415318400000,12160.633333
311,1415404800000,12161.3
312,1415491200000,12168.7
313,1415577600000,12170.233333
314,1415664000000,12197.5
315,1415750400000,12202.366667
316,1415836800000,12219.016667
317,1415923200000,12207.983333
318,1416009600000,12212.933333
319,1416096000000,12227.933333
320,1416182400000,12208.166667
321,1416268800000,12144.1
322,1416355200000,12152.733333
323,1416441600000,12176.983333
324,1416528000000,12148.266667
325,1416614400000,12143.366667
326,1416700800000,12151.55
327,1416787200000,12157.2
328,1416873600000,12169.483333
329,1416960000000,12182.733333
330,1417046400000,12173.466667
331,1417132800000,12210.8
332,1417219200000,12230.65
333,1417305600000,12214.066667
334,1417392000000,12247.733333
335,1417478400000,12276.1
336,1417564800000,12311.0
337,1417651200000,12305.383333
338,1417737600000,12304.266667
339,1417824000000,12309.333333
340,1417910400000,12311.866667
341,1417996800000,12358.7
342,1418083200000,12340.316667
343,1418169600000,12355.266797
344,1418256000000,12391.583268
345,1418342400000,12489.633464
346,1418428800000,12536.10013
347,1418515200000,12536.10013
348,1418601600000,12703.033398
349,1418688000000,12795.70013
350,1418774400000,12702.416667
351,1418860800000,12587.399935
352,1418947200000,12537.716667
353,1419033600000,12479.316667
354,1419120000000,12445.033333
355,1419206400000,12443.666797
356,1419292800000,12462.95
357,1419379200000,12472.09987
358,1419465600000,12462.64987
359,1419552000000,12436.083333
360,1419638400000,12436.05
361,1419724800000,12420.55
362,1419811200000,12428.233203
363,1419897600000,12433.183268
364,1419984000000,12419.883268
365,1420070400000,12504.416797
366,1420156800000,12504.416797
367,1420243200000,12528.04987
368,1420329600000,12525.44987
369,1420416000000,12587.916667
370,1420502400000,12640.599935
371,1420588800000,12684.849935
372,1420675200000,12682.466732
373,1420761600000,12641.666536
374,1420848000000,12620.34987
375,1420934400000,12612.69987
376,1421020800000,12587.966732
377,1421107200000,12594.849935
378,1421193600000,12598.8
379,1421280000000,12554.3
380,1421366400000,12590.266797
381,1421452800000,12598.15013
382,1421539200000,12598.266797
383,1421625600000,12629.800065
384,1421712000000,12586.483464
385,1421798400000,12519.633203
386,1421884800000,12489.133398
387,1421971200000,12467.450065
388,1422057600000,12467.450065
389,1422144000000,12467.483398
390,1422230400000,12493.016602
391,1422316800000,12478.516732
392,1422403200000,12497.783333
393,1422489600000,12567.966797
394,1422576000000,12671.016667
395,1422662400000,12705.633333
396,1422748800000,12727.216667
397,1422835200000,12697.516797
398,1422921600000,12646.833268
399,1423008000000,12633.866602
400,1423094400000,12620.900065
401,1423180800000,12639.900065
402,1423267200000,12653.433398
403,1423353600000,12636.483398
404,1423440000000,12693.133464
405,1423526400000,12702.883268
406,1423612800000,12756.383398
407,1423699200000,12770.25013
408,1423785600000,12775.79987
409,1423872000000,12764.916536
410,1423958400000,12764.89987
411,1424044800000,12757.533398
412,1424131200000,12783.033464
413,1424217600000,12834.583268
414,1424304000000,12852.066602
415,1424390400000,12842.40013
416,1424476800000,12850.666797
417,1424563200000,12831.433464
418,1424649600000,12850.816536
419,1424736000000,12880.316536
420,1424822400000,12878.65013
421,1424908800000,12855.35
422,1424995200000,12924.4
423,1425081600000,12952.216667
424,1425168000000,12963.3
425,1425254400000,12984.35
426,1425340800000,12980.35
427,1425427200000,12989.216667
428,1425513600000,13010.966667
429,1425600000000,13019.4
430,1425686400000,13019.433333
431,1425772800000,13056.5
432,1425859200000,13082.9
433,1425945600000,13137.516667
434,1426032000000,13166.35
435,1426118400000,13193.4
436,1426204800000,13209.333333
437,1426291200000,13220.9
438,1426377600000,13232.55
439,1426464000000,13236.283333
440,1426550400000,13190.6
441,1426636800000,13122.033333
442,1426723200000,13086.883333
443,1426809600000,13064.383333
444,1426896000000,13078.6
445,1426982400000,13053.083333
446,1427068800000,12998.483333
447,1427155200000,12952.366667
448,1427241600000,12967.966667
449,1427328000000,12993.883333
450,1427414400000,13050.133333
451,1427500800000,13070.033333
452,1427587200000,13067.133333
453,1427673600000,13081.833333
454,1427760000000,13073.166667
455,1427846400000,13030.5
456,1427932800000,13019.266667
457,1428019200000,12985.133333
458,1428105600000,12962.883333
459,1428192000000,12976.7
460,1428278400000,12965.866667
461,1428364800000,12976.066667
462,1428451200000,12976.666667
463,1428537600000,12949.6
464,1428624000000,12928.516667
465,1428710400000,12934.233333
466,1428796800000,12922.933333
467,1428883200000,12992.1
468,1428969600000,12970.35
469,1429056000000,12939.083333
470,1429142400000,12873.216667
471,1429228800000,12845.833333
472,1429315200000,12840.333333
473,1429401600000,12840.35
474,1429488000000,12906.133333
475,1429574400000,12939.416667
476,1429660800000,12928.116667
477,1429747200000,12935.766667
478,1429833600000,12935.25
479,1429920000000,12938.05
480,1430006400000,12939.033333
481,1430092800000,12959.166667
482,1430179200000,12969.933333
483,1430265600000,12945.8
484,1430352000000,12956.383333
485,1430438400000,12968.966667
486,1430524800000,12977.366667
487,1430611200000,12991.466667
488,1430697600000,12989.05
489,1430784000000,13031.9
490,1430870400000,13021.766667
491,1430956800000,13092.8
492,1431043200000,13099.3
493,1431129600000,13107.933333
494,1431216000000,13096.4
495,1431302400000,13140.2
496,1431388800000,13164.95
497,1431475200000,13141.6
498,1431561600000,13074.55
499,1431648000000,13074.333333
500,1431734400000,13080.05
501,1431820800000,13071.483333
502,1431907200000,13123.116667
503,1431993600000,13138.883333
504,1432080000000,13150.75
505,1432166400000,13128.533333
506,1432252800000,13150.966667
507,1432339200000,13150.216667
508,1432425600000,13164.683333
509,1432512000000,13185.183333
510,1432598400000,13211.983333
511,1432684800000,13191.583333
512,1432771200000,13210.85
513,1432857600000,13210.7
514,1432944000000,13216.516667
515,1433030400000,13222.333333
516,1433116800000,13218.166667
517,1433203200000,13203.183333
518,1433289600000,13231.866667
519,1433376000000,13266.166667
520,1433462400000,13321.083333
521,1433548800000,13338.85
522,1433635200000,13363.866667
523,1433721600000,13376.45
524,1433808000000,13342.533333
525,1433894400000,13291.116667
526,1433980800000,13300.8
527,1434067200000,13311.2
528,1434153600000,13320.2
529,1434240000000,13323.15
530,1434326400000,13333.566667
531,1434412800000,13335.816667
532,1434499200000,13337.566667
533,1434585600000,13326.9
534,1434672000000,13323.2
535,1434758400000,13326.15
536,1434844800000,13325.983333
537,1434931200000,13317.0
538,1435017600000,13278.3
539,1435104000000,13296.083333
540,1435190400000,13314.466667
541,1435276800000,13318.6
542,1435363200000,13321.483333
543,1435449600000,13315.583333
544,1435536000000,13329.35
545,1435622400000,13348.216667
546,1435708800000,13337.533333
547,1435795200000,13318.283333
548,1435881600000,13337.416667
549,1435968000000,13340.383333
550,1436054400000,13340.383333
551,1436140800000,13325.9
552,1436227200000,13341.883333
553,1436313600000,13355.433333
554,1436400000000,13332.55
555,1436486400000,13319.616667
556,1436572800000,13307.8
557,1436659200000,13313.5
558,1436745600000,13296.0
559,1436832000000,13314.8
560,1436918400000,13339.983333
561,1437004800000,13346.116667
562,1437091200000,13355.383333
563,1437177600000,13355.383333
564,1437264000000,13364.316667
565,1437350400000,13391.516667
566,1437436800000,13379.95
567,1437523200000,13393.966667
568,1437609600000,13419.133333
569,1437696000000,13444.6
570,1437782400000,13459.666667
571,1437868800000,13456.65
572,1437955200000,13460.8
573,1438041600000,13457.55
574,1438128000000,13468.35
575,1438214400000,13472.583333
576,1438300800000,13511.75
577,1438387200000,13509.083333
578,1438473600000,13526.966667
579,1438560000000,13505.466667
580,1438646400000,13496.466667
581,1438732800000,13509.766667
582,1438819200000,13520.383333
583,1438905600000,13530.266667
584,1438992000000,13533.333333
585,1439078400000,13532.6
586,1439164800000,13528.1
587,1439251200000,13623.066667
588,1439337600000,13741.216667
589,1439424000000,13724.216667
590,1439510400000,13807.35
591,1439596800000,13807.35
592,1439683200000,13829.916667
593,1439769600000,13822.016667
594,1439856000000,13837.1
595,1439942400000,13802.933333
596,1440028800000,13835.566667
597,1440115200000,13864.516667
598,1440201600000,13906.233333
599,1440288000000,13897.383333
600,1440374400000,13971.283333
601,1440460800000,13983.216667
602,1440547200000,14147.4
603,1440633600000,14048.7
604,1440720000000,14086.75
605,1440806400000,14043.716667
606,1440892800000,14066.733333
607,1440979200000,14076.4
608,1441065600000,14067.266667
609,1441152000000,14127.566667
610,1441238400000,14193.3
611,1441324800000,14171.483333
612,1441411200000,14175.05
613,1441497600000,14158.733333
614,1441584000000,14237.8
615,1441670400000,14245.166667
616,1441756800000,14241.9
617,1441843200000,14300.783333
618,1441929600000,14285.766667
619,1442016000000,14289.266667
620,1442102400000,14304.583333
621,1442188800000,14291.916667
622,1442275200000,14383.15
623,1442361600000,14430.333333
624,1442448000000,14436.85
625,1442534400000,14411.85
626,1442620800000,14381.216667
627,1442707200000,14401.366667
628,1442793600000,14453.766667
629,1442880000000,14535.1
630,1442966400000,14609.683333
631,1443052800000,14686.866667
632,1443139200000,14672.683333
633,1443225600000,14661.9
634,1443312000000,14659.55
635,1443398400000,14641.95
636,1443484800000,14674.033333
637,1443571200000,14670.55
638,1443657600000,14684.366667
639,1443744000000,14685.0
640,1443830400000,14681.466667
641,1443916800000,14703.083333
642,1444003200000,14619.95
643,1444089600000,14378.116667
644,1444176000000,14056.35
645,1444262400000,13948.633333
646,1444348800000,13600.166667
647,1444435200000,13540.6
648,1444521600000,13439.683333
649,1444608000000,13439.683333
650,1444694400000,13557.15
651,1444780800000,13534.333333
652,1444867200000,13484.683333
653,1444953600000,13507.283333
654,1445040000000,13507.4
655,1445126400000,13503.933333
656,1445212800000,13509.4
657,1445299200000,13576.916667
658,1445385600000,13738.2
659,1445472000000,13696.333333
660,1445558400000,13612.05
661,1445644800000,13602.833333
662,1445731200000,13618.25
663,1445817600000,13615.116667
664,1445904000000,13634.9
665,1445990400000,13606.7
666,1446076800000,13603.116667
667,1446163200000,13708.616667
668,1446249600000,13708.616667
669,1446336000000,13739.85
670,1446422400000,13698.066667
671,1446508800000,13621.8
672,1446595200000,13578.1
673,1446681600000,13546.65
674,1446768000000,13592.633333
675,1446854400000,13592.833333
676,1446940800000,13694.716667
677,1447027200000,13731.916667
678,1447113600000,13642.95
679,1447200000000,13589.433333
680,1447286400000,13581.516667
681,1447372800000,13637.0
682,1447459200000,13656.833333
683,1447545600000,13698.233333
684,1447632000000,13693.5
685,1447718400000,13746.5
686,1447804800000,13795.583333
687,1447891200000,13772.25
688,1447977600000,13690.25
689,1448064000000,13646.533333
690,1448150400000,13653.0
691,1448236800000,13696.433333
692,1448323200000,13712.683333
693,1448409600000,13679.983333
694,1448496000000,13726.55
695,1448582400000,13744.316667
696,1448668800000,13772.433333
697,1448755200000,13778.583333
698,1448841600000,13825.75
699,1448928000000,13776.383333
700,1449014400000,13787.8
701,1449100800000,13768.066667
702,1449187200000,13830.25
703,1449273600000,13833.416667
704,1449360000000,13827.1
705,1449446400000,13822.866667
706,1449532800000,13929.05
707,1449619200000,13952.833333
708,1449705600000,13958.45
709,1449792000000,13957.7
710,1449878400000,13987.116667
711,1449964800000,13952.166667
712,1450051200000,14036.25
713,1450137600000,14060.2
714,1450224000000,14018.433333
715,1450310400000,14006.75
716,1450396800000,13949.483333
717,1450483200000,13923.183333
718,1450569600000,13906.933333
719,1450656000000,13807.166667
720,1450742400000,13690.083333
721,1450828800000,13656.933333
722,1450915200000,13636.7
723,1451001600000,13626.6
724,1451088000000,13617.333333
725,1451174400000,13630.5
726,1451260800000,13633.933333
727,1451347200000,13678.55
728,1451433600000,13781.233333
729,1451520000000,13808.383333
730,1451606400000,13808.383333
731,1451692800000,13819.383333
732,1451779200000,13831.666667
733,1451865600000,13922.666667
734,1451952000000,13896.483333
735,1452038400000,13912.583333
736,1452124800000,13923.666667
737,1452211200000,13912.283333
738,1452297600000,13919.15
739,1452384000000,13912.566667
740,1452470400000,13862.366667
741,1452556800000,13888.333333
742,1452643200000,13865.483333
743,1452729600000,13881.616667
744,1452816000000,13899.533333
745,1452902400000,13947.183333
746,1452988800000,13956.916667
747,1453075200000,13900.833333
748,1453161600000,13874.95
749,1453248000000,13916.383333
750,1453334400000,13884.933333
751,1453420800000,13849.5
752,1453507200000,13825.45
753,1453593600000,13819.266667
754,1453680000000,13843.766667
755,1453766400000,13832.55
756,1453852800000,13873.866667
757,1453939200000,13855.766667
758,1454025600000,13772.866667
759,1454112000000,13763.483333
760,1454198400000,13777.116667
761,1454284800000,13706.45
762,1454371200000,13737.033333
763,1454457600000,13718.1
764,1454544000000,13666.8
765,1454630400000,13627.05
766,1454716800000,13620.9
767,1454803200000,13617.766667
768,1454889600000,13640.6
769,1454976000000,13614.716667
770,1455062400000,13510.933333
771,1455148800000,13495.8
772,1455235200000,13474.516667
773,1455321600000,13483.583333
774,1455408000000,13489.683333
775,1455494400000,13434.333333
776,1455580800000,13431.516667
777,1455667200000,13466.766667
778,1455753600000,13500.516667
779,1455840000000,13496.616667
780,1455926400000,13505.7
781,1456012800000,13493.6
782,1456099200000,13433.5
783,1456185600000,13428.45
784,1456272000000,13408.116667
785,1456358400000,13424.8
786,1456444800000,13411.45
787,1456531200000,13402.466667
788,1456617600000,13414.45
789,1456704000000,13370.0
790,1456790400000,13328.5
791,1456876800000,13312.55
792,1456963200000,13233.7
793,1457049600000,13121.333333
794,1457136000000,13089.916667
795,1457222400000,13081.5
796,1457308800000,13079.633333
797,1457395200000,13154.533333
798,1457481600000,13120.4
799,1457568000000,13127.5
800,1457654400000,13041.1
801,1457740800000,13015.683333
802,1457827200000,13015.683333
803,1457913600000,13033.666667
804,1458000000000,13132.616667
805,1458086400000,13150.35
806,1458172800000,13087.516667
807,1458259200000,13104.4
808,1458345600000,13103.9
809,1458432000000,13101.066667
810,1458518400000,13143.733333
811,1458604800000,13164.366667
812,1458691200000,13185.966667
813,1458777600000,13249.783333
814,1458864000000,13262.7
815,1458950400000,13262.766667
816,1459036800000,13262.766667
817,1459123200000,13314.85
818,1459209600000,13333.483333
819,1459296000000,13286.2
820,1459382400000,13228.266667
821,1459468800000,13189.433333
822,1459555200000,13163.266667
823,1459641600000,13143.1
824,1459728000000,13151.966667
825,1459814400000,13209.5
826,1459900800000,13215.183333
827,1459987200000,13200.0
828,1460073600000,13142.916667
829,1460160000000,13134.4
830,1460246400000,13122.766667
831,1460332800000,13119.433333
832,1460419200000,13105.133333
833,1460505600000,13152.433333
834,1460592000000,13167.716667
835,1460678400000,13189.2
836,1460764800000,13183.416667
837,1460851200000,13183.416667
838,1460937600000,13154.316667
839,1461024000000,13132.75
840,1461110400000,13143.3
841,1461196800000,13159.466667
842,1461283200000,13189.35
843,1461369600000,13195.133333
844,1461456000000,13200.933333
845,1461542400000,13208.85
846,1461628800000,13200.016667
847,1461715200000,13202.35
848,1461801600000,13192.366667
849,1461888000000,13187.133333
850,1461974400000,13190.033333
851,1462060800000,13190.033333
852,1462147200000,13128.5
853,1462233600000,13201.433333
854,1462320000000,13282.85
855,1462406400000,13324.916667
856,1462492800000,13347.783333
857,1462579200000,13350.766667
858,1462665600000,13356.733333
859,1462752000000,13356.4
860,1462838400000,13296.366667
861,1462924800000,13289.416667
862,1463011200000,13287.633333
863,1463097600000,13319.3
864,1463184000000,13325.2
865,1463270400000,13328.15
866,1463356800000,13317.316667
867,1463443200000,13309.816667
868,1463529600000,13392.316667
869,1463616000000,13507.316667
870,1463702400000,13593.933333
871,1463788800000,13615.4
872,1463875200000,13615.666667
873,1463961600000,13594.9
874,1464048000000,13622.483333
875,1464134400000,13632.2
876,1464220800000,13594.866667
877,1464307200000,13587.9
878,1464393600000,13587.9
879,1464480000000,13600.35
880,1464566400000,13635.35
881,1464652800000,13646.033333
882,1464739200000,13647.566667
883,1464825600000,13640.583333
884,1464912000000,13548.666667
885,1464998400000,13517.933333
886,1465084800000,13484.616667
887,1465171200000,13379.783333
888,1465257600000,13288.616667
889,1465344000000,13250.416667
890,1465430400000,13265.083333
891,1465516800000,13301.366667
892,1465603200000,13313.133333
893,1465689600000,13327.933333
894,1465776000000,13320.933333
895,1465862400000,13374.45
896,1465948800000,13343.233333
897,1466035200000,13375.5
898,1466121600000,13351.316667
899,1466208000000,13342.383333
900,1466294400000,13336.433333
901,1466380800000,13275.266667
902,1466467200000,13260.7
903,1466553600000,13270.466667
904,1466640000000,13224.416667
905,1466726400000,13381.333333
906,1466812800000,13447.583333
907,1466899200000,13393.316667
908,1466985600000,13372.466667
909,1467072000000,13248.55
910,1467158400000,13181.516667
911,1467244800000,13192.633333
912,1467331200000,13141.083333
913,1467417600000,13126.666667
914,1467504000000,13123.8
915,1467590400000,13127.133333
916,1467676800000,13129.033333
917,1467763200000,13160.75
918,1467849600000,13138.75
919,1467936000000,13159.2
920,1468022400000,13145.3
921,1468108800000,13133.8
922,1468195200000,13113.333333
923,1468281600000,13113.733333
924,1468368000000,13096.1
925,1468454400000,13074.966667
926,1468540800000,13077.95
927,1468627200000,13091.516667
928,1468713600000,13097.283333
929,1468800000000,13090.95
930,1468886400000,13091.366667
931,1468972800000,13099.15
932,1469059200000,13102.933333
933,1469145600000,13102.566667
934,1469232000000,13105.433333
935,1469318400000,13105.433333
936,1469404800000,13130.433333
937,1469491200000,13157.333333
938,1469577600000,13143.3
939,1469664000000,13110.0
940,1469750400000,13102.2
941,1469836800000,13102.2
942,1469923200000,13093.366667
943,1470009600000,13085.833333
944,1470096000000,13082.783333
945,1470182400000,13096.783333
946,1470268800000,13135.0
947,1470355200000,13123.0
948,1470441600000,13120.133333
949,1470528000000,13123.0
950,1470614400000,13127.833333
951,1470700800000,13127.833333
952,1470787200000,13109.766667
953,1470873600000,13104.366667
954,1470960000000,13117.433333
955,1471046400000,13117.433333
956,1471132800000,13117.433333
957,1471219200000,13104.933333
958,1471305600000,13092.533333
959,1471392000000,13113.033333
960,1471478400000,13122.5
961,1471564800000,13139.266667
962,1471651200000,13155.75
963,1471737600000,13158.633333
964,1471824000000,13197.966667
965,1471910400000,13219.25
966,1471996800000,13238.416667
967,1472083200000,13244.6
968,1472169600000,13221.766667
969,1472256000000,13215.916667
970,1472342400000,13241.083333
971,1472428800000,13277.916667
972,1472515200000,13269.8
973,1472601600000,13266.966667
974,1472688000000,13274.516667
975,1472774400000,13257.4
976,1472860800000,13242.75
977,1472947200000,13181.1
978,1473033600000,13175.833333
979,1473120000000,13132.583333
980,1473206400000,13094.466667
981,1473292800000,13067.65
982,1473379200000,13082.15
983,1473465600000,13096.466667
984,1473552000000,13126.733333
985,1473638400000,13169.4
986,1473724800000,13178.1
987,1473811200000,13199.866667
988,1473897600000,13187.75
989,1473984000000,13164.633333
990,1474070400000,13158.85
991,1474156800000,13158.85
992,1474243200000,13157.516667
993,1474329600000,13147.416667
994,1474416000000,13140.25
995,1474502400000,13097.0
996,1474588800000,13078.15
997,1474675200000,13078.15
998,1474761600000,13081.666667
999,1474848000000,13041.833333
1000,1474934400000,12986.6
1001,1475020800000,12954.1
1002,1475107200000,12961.666667
1003,1475193600000,13007.6
1004,1475280000000,13033.116667
1005,1475366400000,13035.933333
1006,1475452800000,12990.95
1007,1475539200000,12978.2
1008,1475625600000,12995.983333
1009,1475712000000,12994.95
1010,1475798400000,12994.45
1011,1475884800000,12983.2
1012,1475971200000,12980.733333
1013,1476057600000,12976.866667
1014,1476144000000,13004.066667
1015,1476230400000,13015.783333
1016,1476316800000,13061.933333
1017,1476403200000,13039.866667
1018,1476489600000,13045.45
1019,1476576000000,13051.916667
1020,1476662400000,13072.15
1021,1476748800000,13039.45
1022,1476835200000,13019.6
1023,1476921600000,13008.283333
1024,1477008000000,13028.633333
1025,1477094400000,13042.766667
1026,1477180800000,13042.766667
1027,1477267200000,13023.533333
1028,1477353600000,13014.766667
1029,1477440000000,13004.133333
1030,1477526400000,13025.45
1031,1477612800000,13045.1
1032,1477699200000,13053.616667
1033,1477785600000,13055.166667
1034,1477872000000,13044.166667
1035,1477958400000,13039.083333
1036,1478044800000,13047.416667
1037,1478131200000,13055.466667
1038,1478217600000,13062.433333
1039,1478304000000,13076.7
1040,1478390400000,13082.433333
1041,1478476800000,13083.333333
1042,1478563200000,13068.866667
1043,1478649600000,13104.166667
1044,1478736000000,13223.166667
1045,1478822400000,13312.8
1046,1478908800000,13331.05
1047,1478995200000,13325.5
1048,1479081600000,13343.75
1049,1479168000000,13376.0
1050,1479254400000,13360.733333
1051,1479340800000,13379.5
1052,1479427200000,13412.466667
1053,1479513600000,13415.616667
1054,1479600000000,13406.666667
1055,1479686400000,13398.333333
1056,1479772800000,13438.116667
1057,1479859200000,13467.116667
1058,1479945600000,13538.55
1059,1480032000000,13533.1
1060,1480118400000,13513.333333
1061,1480204800000,13517.85
1062,1480291200000,13530.816667
1063,1480377600000,13544.633333
1064,1480464000000,13548.65
1065,1480550400000,13560.916667
1066,1480636800000,13530.433333
1067,1480723200000,13512.133333
1068,1480809600000,13500.016667
1069,1480896000000,13446.016667
1070,1480982400000,13416.3
1071,1481068800000,13337.683333
1072,1481155200000,13298.65
1073,1481241600000,13316.75
1074,1481328000000,13322.816667
1075,1481414400000,13331.533333
1076,1481500800000,13335.533333
1077,1481587200000,13320.933333
1078,1481673600000,13294.633333
1079,1481760000000,13355.85
1080,1481846400000,13404.05
1081,1481932800000,13397.933333
1082,1482019200000,13397.266667
1083,1482105600000,13386.333333
1084,1482192000000,13418.95
1085,1482278400000,13449.266667
1086,1482364800000,13455.65
1087,1482451200000,13448.316667
1088,1482537600000,13448.316667
1089,1482624000000,13445.3
1090,1482710400000,13457.0
1091,1482796800000,13440.283333
1092,1482883200000,13446.3
1093,1482969600000,13466.35
1094,1483056000000,13470.183333
1095,1483142400000,13412.816667
1096,1483228800000,13487.716667
1097,1483315200000,13487.716667
1098,1483401600000,13494.6
1099,1483488000000,13450.333333
1100,1483574400000,13386.066667
1101,1483660800000,13333.983333
1102,1483747200000,13348.316667
1103,1483833600000,13357.733333
1104,1483920000000,13354.566667
1105,1484006400000,13319.9
1106,1484092800000,13314.966667
1107,1484179200000,13290.083333
1108,1484265600000,13310.133333
1109,1484352000000,13327.816667
1110,1484438400000,13327.816667
1111,1484524800000,13364.25
1112,1484611200000,13339.2
1113,1484697600000,13339.266667
1114,1484784000000,13361.233333
1115,1484870400000,13396.983333
1116,1484956800000,13402.95
1117,1485043200000,13403.616667
1118,1485129600000,13373.283333
1119,1485216000000,13341.65
1120,1485302400000,13346.983333
1121,1485388800000,13336.4
1122,1485475200000,13358.85
1123,1485561600000,13358.85
1124,1485648000000,13358.183333
1125,1485734400000,13349.016667
1126,1485820800000,13352.066667
1127,1485907200000,13352.066667
1128,1485993600000,13355.833333
1129,1486080000000,13347.016667
1130,1486166400000,13341.066667
1131,1486252800000,13357.0
1132,1486339200000,13321.483333
1133,1486425600000,13325.65
1134,1486512000000,13313.65
1135,1486598400000,13306.483333
1136,1486684800000,13308.3
1137,1486771200000,13311.25
1138,1486857600000,13316.483333
1139,1486944000000,13323.65
1140,1487030400000,13326.65
1141,1487116800000,13322.483333
1142,1487203200000,13319.816667
1143,1487289600000,13325.816667
1144,1487376000000,13331.433333
1145,1487462400000,13343.833333
1146,1487548800000,13349.066667
1147,1487635200000,13366.683333
1148,1487721600000,13365.666667
1149,1487808000000,13352.85
1150,1487894400000,13333.233333
1151,1487980800000,13333.4
1152,1488067200000,13334.066667
1153,1488153600000,13335.316667
1154,1488240000000,13339.183333
1155,1488326400000,13347.233333
1156,1488412800000,13363.977483
1157,1488499200000,13380.14415
1158,1488585600000,13380.14415
1159,1488672000000,13361.652083
1160,1488758400000,13340.152083
1161,1488844800000,13345.244683
1162,1488931200000,13348.044933
1163,1489017600000,13387.186467
1164,1489104000000,13382.4511
1165,1489190400000,13376.477483
1166,1489276800000,13371.186467
1167,1489363200000,13357.0198
1168,1489449600000,13365.853133
1169,1489536000000,13363.494667
1170,1489622400000,13349.853133
1171,1489708800000,13336.485417
1172,1489795200000,13339.444433
1173,1489881600000,13342.41135
1174,1489968000000,13322.078017
1175,1490054400000,13316.693067
1176,1490140800000,13326.485417
1177,1490227200000,13327.277767
1178,1490313600000,13324.985417
1179,1490400000000,13322.0264
1180,1490486400000,13319.07525
1181,1490572800000,13308.408583
1182,1490659200000,13311.07525
1183,1490745600000,13313.693067
1184,1490832000000,13314.859733
1185,1490918400000,13320.0264
1186,1491004800000,13322.985417
1187,1491091200000,13329.148883
1188,1491177600000,13329.410567
1189,1491264000000,13326.8098
1190,1491350400000,13320.81875
1191,1491436800000,13327.81875
1192,1491523200000,13319.31875
1193,1491609600000,13322.277767
1194,1491696000000,13325.244683
1195,1491782400000,13296.384321
1196,1491868800000,13288.57525
1197,1491955200000,13279.347467
1198,1492041600000,13265.847467
1199,1492128000000,13266.135333
1200,1492214400000,13272.014133
1201,1492300800000,13272.666667
1202,1492387200000,13285.847467
1203,1492473600000,13283.135333
1204,1492560000000,13303.790767
1205,1492646400000,13322.985417
1206,1492732800000,13323.6111
1207,1492819200000,13320.652083
1208,1492905600000,13311.790767
1209,1492992000000,13304.847467
1210,1493078400000,13250.912433
1211,1493164800000,13280.029733
1212,1493251200000,13305.347467
1213,1493337600000,13320.908583
1214,1493424000000,13329.777767
1215,1493510400000,13335.044933
1216,1493596800000,13332.178017
1217,1493683200000,13315.31875
1218,1493769600000,13308.0264
1219,1493856000000,13322.359733
1220,1493942400000,13326.31875
1221,1494028800000,13329.277767
1222,1494115200000,13326.985417
1223,1494201600000,13310.923606
1224,1494288000000,13340.485417
1225,1494374400000,13351.41135
1226,1494460800000,13353.0198
1227,1494547200000,13329.244683
1228,1494633600000,13329.277767
1229,1494720000000,13328.999999
1230,1494806400000,13312.444433
1231,1494892800000,13300.241917
1232,1494979200000,13310.847467
1233,1495065600000,13337.741917
1234,1495152000000,13343.64415
1235,1495238400000,13337.686467
1236,1495324800000,13326.485417
1237,1495411200000,13308.152083
1238,1495497600000,13298.290767
1239,1495584000000,13305.1241
1240,1495670400000,13298.408583
1241,1495756800000,13292.347467
1242,1495843200000,13298.241917
1243,1495929600000,13297.57525
1244,1496016000000,13312.443915
1245,1496102400000,13319.8264
1246,1496188800000,13321.985417
1247,1496275200000,13313.693067
1248,1496361600000,13307.408583
1249,1496448000000,13307.408583
1250,1496534400000,13307.408583
1251,1496620800000,13289.241917
1252,1496707200000,13293.448914
1253,1496793600000,13297.6808
1254,1496880000000,13299.57525
1255,1496966400000,13295.192633
1256,1497052800000,13291.623069
1257,1497139200000,13285.065219
1258,1497225600000,13292.900683
1259,1497312000000,13291.857791
1260,1497398400000,13284.365714
1261,1497484800000,13282.482947
1262,1497571200000,13297.527585
1263,1497657600000,13296.806154
1264,1497744000000,13298.418309
1265,1497830400000,13290.739736
1266,1497916800000,13289.970876
1267,1498003200000,13312.918415
1268,1498089600000,13318.331891
1269,1498176000000,13317.808403
1270,1498262400000,13317.365715
1271,1498348800000,13308.866333
1272,1498435200000,13308.60225
1273,1498521600000,13310.639967
1274,1498608000000,13324.457926
1275,1498694400000,13322.914412
1276,1498780800000,13327.339453
1277,1498867200000,13332.663629
1278,1498953600000,13324.580458
1279,1499040000000,13343.529295
1280,1499126400000,13364.875729
1281,1499212800000,13366.662399
1282,1499299200000,13382.283915
1283,1499385600000,13393.365697
1284,1499472000000,13401.117144
1285,1499558400000,13405.16462
1286,1499644800000,13403.211065
1287,1499731200000,13392.783876
1288,1499817600000,13371.503617
1289,1499904000000,13348.033878
1290,1499990400000,13323.167597
1291,1500076800000,13313.438395
1292,1500163200000,13315.834285
1293,1500249600000,13307.442921
1294,1500336000000,13309.102263
1295,1500422400000,13312.716401
1296,1500508800000,13327.5382
1297,1500595200000,13310.097119
1298,1500681600000,13312.491365
1299,1500768000000,13305.667753
1300,1500854400000,13302.754296
1301,1500940800000,13321.556099
1302,1501027200000,13329.44687
1303,1501113600000,13315.064117
1304,1501200000000,13321.840558
1305,1501286400000,13318.870817
1306,1501372800000,13308.316128
1307,1501459200000,13307.071573
1308,1501545600000,13317.085826
1309,1501632000000,13323.874993
1310,1501718400000,13325.929969
1311,1501804800000,13317.445902
1312,1501891200000,13315.538439
1313,1501977600000,13351.314947
1314,1502064000000,13353.805129
1315,1502150400000,13316.917159
1316,1502236800000,13332.25
1317,1502323200000,13358.5
1318,1502409600000,13357.75
1319,1502496000000,13357.75
1320,1502582400000,13356.75
1321,1502668800000,13347.0
1322,1502755200000,13359.5
1323,1502841600000,13376.0
1324,1502928000000,13376.3375
1325,1503014400000,13360.5
1326,1503100800000,13360.5
1327,1503187200000,13361.5
1328,1503273600000,13348.937086
1329,1503360000000,13343.570964
1330,1503446400000,13350.75345
1331,1503532800000,13341.417597
1332,1503619200000,13344.800553
1333,1503705600000,13338.527156
1334,1503792000000,13304.907623
1335,1503878400000,13296.935677
1336,1503964800000,13334.010102
1337,1504051200000,13345.175458
1338,1504137600000,13347.37084
1339,1504224000000,13331.995889
1340,1504310400000,13347.009453
1341,1504396800000,13347.009453
1342,1504483200000,13353.67612
1343,1504569600000,13342.242352
1344,1504656000000,13332.915894
1345,1504742400000,13314.388892
1346,1504828800000,13230.883822
1347,1504915200000,13197.588036
1348,1505001600000,13208.54823
1349,1505088000000,13185.87326
1350,1505174400000,13190.609993
1351,1505260800000,13199.73934
1352,1505347200000,13238.951073
1353,1505433600000,13245.494062
1354,1505520000000,13240.945514
1355,1505606400000,13240.166193
1356,1505692800000,13249.818745
1357,1505779200000,13267.724574
1358,1505865600000,13274.524737
1359,1505952000000,13303.25642
1360,1506038400000,13316.315018
1361,1506124800000,13305.761782
1362,1506211200000,13317.99032
1363,1506297600000,13329.280094
1364,1506384000000,13359.512485
1365,1506470400000,13416.67798
1366,1506556800000,13482.064236
1367,1506643200000,13479.230225
1368,1506729600000,13473.946132
1369,1506816000000,13498.158815
1370,1506902400000,13525.286387
1371,1506988800000,13539.990958
1372,1507075200000,13498.6005
1373,1507161600000,13464.762959
1374,1507248000000,13498.740237
1375,1507334400000,13506.456343
1376,1507420800000,13499.697802
1377,1507507200000,13501.989662
1378,1507593600000,13510.760467
1379,1507680000000,13512.770504
1380,1507766400000,13505.802788
1381,1507852800000,13500.152672
1382,1507939200000,13497.435709
1383,1508025600000,13500.731405
1384,1508112000000,13487.433817
1385,1508198400000,13499.0937
1386,1508284800000,13509.746714
1387,1508371200000,13511.746714
1388,1508457600000,13511.580047
1389,1508544000000,13511.580047
1390,1508630400000,13511.580047
1391,1508716800000,13527.246714
1392,1508803200000,13521.246714
1393,1508889600000,13551.246714
1394,1508976000000,13540.620071
1395,1509062400000,13574.413381
1396,1509148800000,13574.413381
1397,1509235200000,13574.413381
1398,1509321600000,13554.413381
1399,1509408000000,13541.246714
1400,1509494400000,13551.413381
1401,1509580800000,13534.246714
1402,1509667200000,13497.246714
1403,1509753600000,13497.246714
1404,1509840000000,13497.913381
1405,1509926400000,13515.246714
1406,1510012800000,13508.746714
1407,1510099200000,13509.413381
1408,1510185600000,13509.080047
1409,1510272000000,13524.113381
1410,1510358400000,13524.113381
1411,1510444800000,13524.780047
1412,1510531200000,13534.413381
1413,1510617600000,13534.080047
1414,1510704000000,13517.120071
1415,1510790400000,13526.080047
1416,1510876800000,13518.246714
1417,1510963200000,13518.246714
1418,1511049600000,13518.913381
1419,1511136000000,13521.080047
1420,1511222400000,13533.371778
1421,1511308800000,13525.378686
1422,1511395200000,13510.109604
1423,1511481600000,13499.067183
1424,1511568000000,13493.585904
1425,1511654400000,13473.393744
1426,1511740800000,13467.104802
1427,1511827200000,13508.006032
1428,1511913600000,13506.099889
1429,1512000000000,13522.099889
1430,1512086400000,13521.099889
1431,1512172800000,13521.099889
1432,1512259200000,13520.433223
1433,1512345600000,13522.099889
1434,1512432000000,13517.099889
1435,1512518400000,13534.80821
1436,1512604800000,13547.307977
1437,1512691200000,13544.307977
1438,1512777600000,13544.307977
1439,1512864000000,13541.711965
1440,1512950400000,13546.807977
1441,1513036800000,13559.807977
1442,1513123200000,13568.807977
1443,1513209600000,13556.711965
1444,1513296000000,13560.974643
1445,1513382400000,13560.974643
1446,1513468800000,13560.974643
1447,1513555200000,13565.807977
1448,1513641600000,13578.857965
1449,1513728000000,13577.205022
1450,1513814400000,13561.00059
1451,1513900800000,13556.545483
1452,1513987200000,13557.135403
1453,1514073600000,13557.135403
1454,1514160000000,13554.135403
1455,1514246400000,13557.302069
1456,1514332800000,13559.210465
1457,1514419200000,13557.301277
1458,1514505600000,13557.312122
1459,1514592000000,13557.069473
1460,1514678400000,13556.95421
1461,1514764800000,13563.447201
1462,1514851200000,13529.786821
1463,1514937600000,13485.980811
1464,1515024000000,13437.631498
1465,1515110400000,13431.964831
1466,1515196800000,13431.964831
1467,1515283200000,13432.631498
1468,1515369600000,13441.464831
1469,1515456000000,13452.197247
1470,1515542400000,13450.697247
1471,1515628800000,13432.197247
1472,1515715200000,13408.697247
1473,1515801600000,13408.697247
1474,1515888000000,13409.697247
1475,1515974400000,13401.697247
1476,1516060800000,13403.197247
1477,1516147200000,13412.197247
1478,1516233600000,13407.197247
1479,1516320000000,13364.964831
1480,1516406400000,13389.697247
1481,1516492800000,13390.697247
1482,1516579200000,13388.631498
1483,1516665600000,13372.631498
1484,1516752000000,13363.964831
1485,1516838400000,13347.798165
1486,1516924800000,13359.798165
1487,1517011200000,13359.798165
1488,1517097600000,13308.666667
1489,1517184000000,13347.202287
1490,1517270400000,13408.25919
1491,1517356800000,13393.378578
1492,1517443200000,13411.494358
1493,1517529600000,13428.009329
1494,1517616000000,13452.088441
1495,1517702400000,13450.5
1496,1517788800000,13498.52285
1497,1517875200000,13528.444753
1498,1517961600000,13556.110884
1499,1518048000000,13589.284606
1500,1518134400000,13628.528663
1501,1518220800000,13630.641869
1502,1518307200000,13620.666667
1503,1518393600000,13635.294177
1504,1518480000000,13644.953422
1505,1518566400000,13630.875028
1506,1518652800000,13579.880451
1507,1518739200000,13542.836809
1508,1518825600000,13541.880857
1509,1518912000000,13542.5
1510,1518998400000,13555.004994
1511,1519084800000,13594.182286
1512,1519171200000,13610.552181
1513,1519257600000,13657.880504
1514,1519344000000,13647.213837
1515,1519430400000,13647.213837
1516,1519516800000,13647.880504
1517,1519603200000,13641.380504
1518,1519689600000,13668.72531
1519,1519776000000,13723.493375
1520,1519862400000,13723.993375
1521,1519948800000,13730.326709
1522,1520035200000,13730.326709
1523,1520121600000,13730.326709
1524,1520208000000,13733.660042
1525,1520294400000,13741.660042
1526,1520380800000,13757.768737
1527,1520467200000,13785.124967
1528,1520553600000,13784.580333
1529,1520640000000,13785.980429
1530,1520726400000,13785.980429
1531,1520812800000,13771.313762
1532,1520899200000,13760.647095
1533,1520985600000,13750.980429
1534,1521072000000,13759.313762
1535,1521158400000,13759.313762
1536,1521244800000,13759.313762
1537,1521331200000,13759.980429
1538,1521417600000,13770.980429
1539,1521504000000,13758.480429
1540,1521590400000,13767.813762
1541,1521676800000,13762.313762
1542,1521763200000,13781.313762
1543,1521849600000,13781.313762
1544,1521936000000,13781.980429
1545,1522022400000,13752.480429
1546,1522108800000,13755.480429
1547,1522195200000,13769.313762
1548,1522281600000,13770.147095
1549,1522368000000,13757.313762
1550,1522454400000,13757.313762
1551,1522540800000,13757.313762
1552,1522627200000,13762.647095
1553,1522713600000,13770.313762
1554,1522800000000,13770.980429
1555,1522886400000,13770.980429
1556,1522972800000,13776.647095
1557,1523059200000,13776.647095
1558,1523145600000,13776.647095
1559,1523232000000,13768.480429
1560,1523318400000,13761.147095
1561,1523404800000,13765.980429
1562,1523491200000,13776.480429
1563,1523577600000,13762.313762
1564,1523664000000,13762.980429
1565,1523750400000,13762.980429
1566,1523836800000,13778.913762
1567,1523923200000,13771.147095
1568,1524009600000,13777.147095
1569,1524096000000,13782.413762
1570,1524182400000,13849.980429
1571,1524268800000,13849.980429
1572,1524355200000,13849.980429
1573,1524441600000,13882.480429
1574,1524528000000,13852.147095
1575,1524614400000,13873.480429
1576,1524700800000,13852.647095
1577,1524787200000,13853.313762
1578,1524873600000,13853.313762
1579,1524960000000,13853.313762
1580,1525046400000,13868.980429
1581,1525132800000,13924.248948
1582,1525219200000,13945.323433
1583,1525305600000,13945.554924
1584,1525392000000,13943.786203
1585,1525478400000,13945.325095
1586,1525564800000,13944.6825
1587,1525651200000,13983.363031
1588,1525737600000,14038.059896
1589,1525824000000,14072.64894
1590,1525910400000,14078.646858
1591,1525996800000,13971.945015
1592,1526083200000,13960.00667
1593,1526169600000,13958.5175
1594,1526256000000,13969.633325
1595,1526342400000,14021.942018
1596,1526428800000,14084.061399
1597,1526515200000,14055.294182
1598,1526601600000,14127.531587
1599,1526688000000,14140.739627
1600,1526774400000,14153.9975
1601,1526860800000,14174.230678
1602,1526947200000,14145.65435
1603,1527033600000,14181.226217
1604,1527120000000,14145.306564
1605,1527206400000,14108.816161
1606,1527292800000,14098.010223
1607,1527379200000,14087.48625
1608,1527465600000,14024.810378
1609,1527552000000,14006.590955
1610,1527638400000,13998.620101
1611,1527724800000,13910.028107
1612,1527811200000,13873.878502
1613,1527897600000,13869.561548
1614,1527984000000,13862.8425
1615,1528070400000,13863.280296
1616,1528156800000,13875.747466
1617,1528243200000,13853.132589
1618,1528329600000,13867.960997
1619,1528416000000,13924.378796
1620,1528502400000,13938.080233
1621,1528588800000,13937.1025
1622,1528675200000,13934.689565
1623,1528761600000,13944.085401
1624,1528848000000,13943.646497
1625,1528934400000,13947.811663
1626,1529020800000,13943.238186
1627,1529107200000,13957.544022
1628,1529193600000,13958.5675
1629,1529280000000,13949.746857
1630,1529366400000,13964.377527
1631,1529452800000,13966.674175
1632,1529539200000,14047.809339
1633,1529625600000,14047.389091
1634,1529712000000,14044.474311
1635,1529798400000,14046.20875
1636,1529884800000,14081.681545
1637,1529971200000,14110.505011
1638,1530057600000,14133.899453
1639,1530144000000,14220.318565
1640,1530230400000,14217.872054
1641,1530316800000,14214.495861
1642,1530403200000,14210.2875
1643,1530489600000,14231.913673
1644,1530576000000,14259.319482
1645,1530662400000,14253.824337
1646,1530748800000,14262.54824
1647,1530835200000,14256.773876
1648,1530921600000,14254.695867
1649,1531008000000,14248.4575
1650,1531094400000,14228.601903
1651,1531180800000,14243.204764
1652,1531267200000,14259.722301
1653,1531353600000,14266.107473
1654,1531440000000,14266.039335
1655,1531526400000,14267.199951
1656,1531612800000,14271.9125
1657,1531699200000,14263.536583
1658,1531785600000,14264.456583
1659,1531872000000,14289.874083
1660,1531958400000,14314.109083
1661,1532044800000,14315.681583
1662,1532131200000,14315.681583
1663,1532217600000,14314.309083
1664,1532304000000,14320.704083
1665,1532390400000,14340.644083
1666,1532476800000,14305.906583
1667,1532563200000,14305.334083
1668,1532649600000,14285.684083
1669,1532736000000,14285.684083
1670,1532822400000,14289.316583
1671,1532908800000,14280.706583
1672,1532995200000,14285.906583
1673,1533081600000,14295.659083
1674,1533168000000,14312.394083
1675,1533254400000,14317.209083
1676,1533340800000,14317.209083
1677,1533427200000,14323.304083
1678,1533513600000,14311.096583
1679,1533600000000,14299.894083
1680,1533686400000,14294.894083
1681,1533772800000,14313.394083
1682,1533859200000,14317.144083
1683,1533945600000,14317.144083
1684,1534032000000,14321.929083
1685,1534118400000,14344.656583
1686,1534204800000,14355.619083
1687,1534291200000,14343.724083
1688,1534377600000,14344.516583
1689,1534464000000,14338.091583
1690,1534550400000,14338.091583
1691,1534636800000,14341.931583
1692,1534723200000,14335.954083
1693,1534809600000,14338.504083
1694,1534896000000,14338.506583
1695,1534982400000,14361.196583
1696,1535068800000,14338.876583
1697,1535155200000,14338.876583
1698,1535241600000,14338.644083
1699,1535328000000,14334.424083
1700,1535414400000,14362.926583
1701,1535500800000,14349.956583
1702,1535587200000,14388.939083
1703,1535673600000,14376.016583
1704,1535760000000,14376.016583
1705,1535846400000,14383.859083
1706,1535932800000,14401.569083
1707,1536019200000,14428.419083
1708,1536105600000,14427.471583
1709,1536192000000,14418.794083
1710,1536278400000,14398.341583
1711,1536364800000,14398.341583
1712,1536451200000,14398.644083
1713,1536537600000,14407.894083
1714,1536624000000,14403.941583
1715,1536710400000,14396.831583
1716,1536796800000,14380.676583
1717,1536883200000,14396.166583
1718,1536969600000,14396.166583
1719,1537056000000,14398.384083
1720,1537142400000,14420.569083
1721,1537228800000,14412.776583
1722,1537315200000,14415.149083
1723,1537401600000,14403.679083
1724,1537488000000,14398.789083
1725,1537574400000,14398.789083
1726,1537660800000,14405.221583
1727,1537747200000,14411.006583
1728,1537833600000,14424.231583
1729,1537920000000,14427.504083
1730,1538006400000,14427.504083
1731,1538092800000,14421.021583
1732,1538179200000,14421.021583
1733,1538265600000,14422.916583
1734,1538352000000,14582.835443
1735,1538438400000,15051.66
1736,1538524800000,15108.81
1737,1538611200000,15291.62
1738,1538697600000,15164.54
1739,1538784000000,15164.54
1740,1538870400000,15188.07
1741,1538956800000,15322.75
1742,1539043200000,15223.82
1743,1539129600000,15203.855
1744,1539216000000,15235.0
1745,1539302400000,15197.455
1746,1539388800000,15197.455
1747,1539475200000,15219.875
1748,1539561600000,15210.365
1749,1539648000000,15210.9
1750,1539734400000,15212.125
1751,1539820800000,15264.915
1752,1539907200000,15180.07
1753,1539993600000,15180.07
1754,1540080000000,15202.15
1755,1540166400000,15227.98
1756,1540252800000,15178.605
1757,1540339200000,15235.485
1758,1540425600000,15225.42
1759,1540512000000,15204.195
1760,1540598400000,15217.37
1761,1540684800000,15234.12
1762,1540771200000,15261.4
1763,1540857600000,15215.575
1764,1540944000000,15246.425
1765,1541030400000,15128.7
1766,1541116800000,14951.69
1767,1541203200000,14951.69
1768,1541289600000,14946.18
1769,1541376000000,14948.825
1770,1541462400000,14822.75
1771,1541548800000,14580.575
1772,1541635200000,14606.985
1773,1541721600000,14712.13
1774,1541808000000,14683.055
1775,1541894400000,14692.13
1776,1541980800000,14815.66
1777,1542067200000,14810.0
1778,1542153600000,14769.68
1779,1542240000000,14622.25
1780,1542326400000,14578.61
1781,1542412800000,14611.36
1782,1542499200000,14615.745
1783,1542585600000,14601.515
1784,1542672000000,14607.93
1785,1542758400000,14595.36
1786,1542844800000,14594.8
1787,1542931200000,14537.435
1788,1543017600000,14537.435
1789,1543104000000,14541.41
1790,1543190400000,14485.96
1791,1543276800000,14523.235
1792,1543363200000,14493.45
1793,1543449600000,14383.92
1794,1543536000000,14331.015
1795,1543622400000,14331.015
1796,1543708800000,14289.915
1797,1543795200000,14279.025
1798,1543881600000,14373.3
1799,1543968000000,14431.215
1800,1544054400000,14531.36
1801,1544140800000,14544.76
1802,1544227200000,14544.76
1803,1544313600000,14490.96
1804,1544400000000,14604.92
1805,1544486400000,14621.2
1806,1544572800000,14592.045
1807,1544659200000,14554.983218
1808,1544745600000,14584.920219
1809,1544832000000,14584.920219
1810,1544918400000,14580.882785
1811,1545004800000,14578.540621
1812,1545091200000,14486.644244
1813,1545177600000,14501.058374
1814,1545264000000,14535.520488
1815,1545350400000,14554.9848
1816,1545436800000,14564.097951
1817,1545523200000,14578.211383
1818,1545609600000,14551.55
1819,1545696000000,14530.25
1820,1545782400000,14564.930968
1821,1545868800000,14561.6577
1822,1545955200000,14567.494974
1823,1546041600000,14562.29515
1824,1546128000000,14560.998599
1825,1546214400000,14411.523726
1826,1546300800000,14364.1
1827,1546387200000,14409.740986
1828,1546473600000,14411.915241
1829,1546560000000,14251.25
1830,1546646400000,14226.0
1831,1546732800000,14325.189241
1832,1546819200000,14089.967948
1833,1546905600000,14145.075324
1834,1546992000000,14135.07654
1835,1547078400000,14054.916042
1836,1547164800000,14116.75
1837,1547251200000,14045.045943
1838,1547337600000,14045.045943
1839,1547424000000,14128.573699
1840,1547510400000,14118.0
1841,1547596800000,14146.0
1842,1547683200000,14174.54782
1843,1547769600000,14159.35
1844,1547856000000,14159.35
1845,1547942400000,14174.950687
1846,1548028800000,14221.6
1847,1548115200000,14221.308967
1848,1548201600000,14188.616629
1849,1548288000000,14145.682334
1850,1548374400000,14037.059171
1851,1548460800000,14037.1
1852,1548547200000,14003.2
1853,1548633600000,14069.94519
1854,1548720000000,14081.039883
1855,1548806400000,14039.918967
1856,1548892800000,13973.02154
1857,1548979200000,13950.699547
1858,1549065600000,13950.699547
1859,1549152000000,13953.138538
1860,1549238400000,13969.02621
1861,1549324800000,13951.087512
1862,1549411200000,13921.957026
1863,1549497600000,13973.02154
1864,1549584000000,13950.018463
1865,1549670400000,13954.35
1866,1549756800000,13983.9
1867,1549843200000,14032.618169
1868,1549929600000,14014.435091
1869,1550016000000,14073.408239
1870,1550102400000,14089.967948
1871,1550188800000,14106.959513
1872,1550275200000,14143.074775
1873,1550361600000,14116.895108
1874,1550448000000,14129.65
1875,1550534400000,14116.313217
1876,1550620800000,14064.798617
1877,1550707200000,14053.926315
1878,1550793600000,14047.510016
1879,1550880000000,14015.417003
1880,1550966400000,14053.5
1881,1551052800000,14018.475806
1882,1551139200000,13968.0
1883,1551225600000,14024.0
1884,1551312000000,14197.992073
1885,1551398400000,14178.566627
1886,1551484800000,14115.026869
1887,1551571200000,14115.026869
1888,1551657600000,14128.086585
1889,1551744000000,14154.483151
1890,1551830400000,14142.865103
1891,1551916800000,14242.275508
1892,1552003200000,14310.044744
1893,1552089600000,14310.044744
1894,1552176000000,14288.5
1895,1552262400000,14244.62321
1896,1552348800000,14263.588026
1897,1552435200000,14232.027041
1898,1552521600000,14295.0
1899,1552608000000,14227.990695
1900,1552694400000,14255.069342
1901,1552780800000,14259.94798
1902,1552867200000,14258.0
1903,1552953600000,14231.0
1904,1553040000000,14146.282552
1905,1553126400000,14110.927715
1906,1553212800000,14307.489866
1907,1553299200000,14307.489866
1908,1553385600000,14169.138711
1909,1553472000000,14177.942104
1910,1553558400000,14179.95
1911,1553644800000,14198.093162
1912,1553731200000,14228.783656
1913,1553817600000,14218.886915
1914,1553904000000,14240.047866
1915,1553990400000,14229.01863
1916,1554076800000,14230.211891
1917,1554163200000,14220.001005
1918,1554249600000,14220.004628
1919,1554336000000,14176.972102
1920,1554422400000,14100.098005
1921,1554508800000,14100.098005
1922,1554595200000,14119.012675
1923,1554681600000,14197.994391
1924,1554768000000,14144.0
1925,1554854400000,14140.665178
1926,1554940800000,14137.0
1927,1555027200000,14114.92399
1928,1555113600000,14093.045694
1929,1555200000000,14103.35
1930,1555286400000,14059.458852
1931,1555372800000,14084.0
1932,1555459200000,14052.5
1933,1555545600000,14043.073586
1934,1555632000000,14053.35
1935,1555718400000,14053.35
1936,1555804800000,14054.55
1937,1555891200000,14072.528056
1938,1555977600000,14069.0
1939,1556064000000,14102.29019
1940,1556150400000,14309.5
1941,1556236800000,14186.5
1942,1556323200000,14186.5
1943,1556409600000,14172.2
1944,1556496000000,14197.9
1945,1556582400000,14290.5
1946,1556668800000,14245.014291
1947,1556755200000,14249.990975
1948,1556841600000,14202.027198
1949,1556928000000,14202.027198
1950,1557014400000,14236.0
1951,1557100800000,14298.589617
1952,1557187200000,14262.661089
1953,1557273600000,14281.319483
1954,1557360000000,14341.54682
1955,1557446400000,14316.188733
1956,1557532800000,14316.188733
1957,1557619200000,14315.667536
1958,1557705600000,14320.05
1959,1557792000000,14430.017903
1960,1557878400000,14459.958162
1961,1557964800000,14453.897082
1962,1558051200000,14509.998491
1963,1558137600000,14439.287802
1964,1558224000000,14442.632975
1965,1558310400000,14455.339757
1966,1558396800000,14453.0
1967,1558483200000,14524.964483
1968,1558569600000,14459.960158
1969,1558656000000,14395.029246
1970,1558742400000,14384.6
1971,1558828800000,14363.4
1972,1558915200000,14375.75
1973,1559001600000,14358.5
1974,1559088000000,14399.991831
1975,1559174400000,14405.0
1976,1559260800000,14321.519503
1977,1559347200000,14321.519503
1978,1559433600000,14240.25
1979,1559520000000,14240.0
1980,1559606400000,14279.7
1981,1559692800000,14286.5
1982,1559779200000,14262.489778
1983,1559865600000,14222.02168
1984,1559952000000,14222.02168
1985,1560038400000,14289.798998
1986,1560124800000,14247.030092
1987,1560211200000,14297.459241
1988,1560297600000,14263.0
1989,1560384000000,14280.005651
1990,1560470400000,14304.822793
1991,1560556800000,14309.25
1992,1560643200000,14325.009128
1993,1560729600000,14323.160538
1994,1560816000000,14292.554908
1995,1560902400000,14290.519555
1996,1560988800000,14145.0
1997,1561075200000,14124.4
1998,1561161600000,14124.4
1999,1561248000000,14125.004895
2000,1561334400000,14186.007565
2001,1561420800000,14122.333649
2002,1561507200000,14167.712544
2003,1561593600000,14187.5
2004,1561680000000,14124.593036
2005,1561766400000,14124.593036
2006,1561852800000,14127.988974
2007,1561939200000,14124.479765
2008,1562025600000,14199.0
2009,1562112000000,14108.552552
2010,1562198400000,14139.85
2011,1562284800000,14064.995747
2012,1562371200000,14064.995747
2013,1562457600000,14068.720274
2014,1562544000000,14113.1
2015,1562630400000,14168.9
2016,1562716800000,14121.203705
2017,1562803200000,14130.970988
2018,1562889600000,13984.54846
2019,1562976000000,13984.54846
2020,1563062400000,14006.979035
2021,1563148800000,13911.089629
2022,1563235200000,14012.570431
2023,1563321600000,13971.553573
2024,1563408000000,13915.199687
2025,1563494400000,13920.017017
2026,1563580800000,13919.5
2027,1563667200000,13959.7
2028,1563753600000,13945.059992
2029,1563840000000,14046.032329
2030,1563926400000,13996.557523
2031,1564012800000,13976.632517
2032,1564099200000,13967.262182
2033,1564185600000,13967.262182
2034,1564272000000,14004.036721
2035,1564358400000,14020.038102
2036,1564444800000,14016.7
2037,1564531200000,14179.988245
2038,1564617600000,14120.187822
2039,1564704000000,14231.837356
2040,1564790400000,14231.837356
2041,1564876800000,14179.9757
2042,1564963200000,14192.249718
2043,1565049600000,14218.891277
2044,1565136000000,14255.364742
2045,1565222400000,14231.606981
2046,1565308800000,14230.65
2047,1565395200000,14230.65
2048,1565481600000,14187.45
2049,1565568000000,14247.960642
2050,1565654400000,14368.3
2051,1565740800000,14244.916226
2052,1565827200000,14354.029076
2053,1565913600000,14223.05
2054,1566000000000,14223.05
2055,1566086400000,14216.75
2056,1566172800000,14341.339312
2057,1566259200000,14330.036156
2058,1566345600000,14287.460221
2059,1566432000000,14234.980195
2060,1566518400000,13977.770798
2061,1566604800000,13977.770798
2062,1566691200000,14100.233561
2063,1566777600000,14235.489841
2064,1566864000000,14256.0
2065,1566950400000,14245.027096
2066,1567036800000,14238.020364
2067,1567123200000,14187.016706
2068,1567209600000,14187.016706
2069,1567296000000,14185.004277
2070,1567382400000,14276.443892
2071,1567468800000,14217.775094
2072,1567555200000,14145.973721
2073,1567641600000,14151.569321
2074,1567728000000,14067.170774
2075,1567814400000,13970.8
2076,1567900800000,14107.8
2077,1567987200000,14031.054196
2078,1568073600000,14043.05
2079,1568160000000,14037.847496
2080,1568246400000,13990.028563
2081,1568332800000,13964.92365
2082,1568419200000,13964.92365
2083,1568505600000,13948.735813
2084,1568592000000,14041.198336
2085,1568678400000,13951.28904
2086,1568764800000,14143.881972
2087,1568851200000,14122.100776
2088,1568937600000,14046.326245
2089,1569024000000,14046.326245
2090,1569110400000,14054.916042
2091,1569196800000,14073.786332
2092,1569283200000,14118.42796
2093,1569369600000,14137.06637
2094,1569456000000,14185.772979
2095,1569542400000,14168.0
2096,1569628800000,14168.0
2097,1569715200000,14160.7
2098,1569801600000,14224.03687
2099,1569888000000,14171.8
2100,1569974400000,14142.085922
2101,1570060800000,14182.876526
2102,1570147200000,14123.4
2103,1570233600000,14121.95
2104,1570320000000,14142.049375
2105,1570406400000,14159.995207
2106,1570492800000,14174.631502
2107,1570579200000,14150.777958
2108,1570665600000,14158.9785
2109,1570752000000,14128.25
2110,1570838400000,14129.6
2111,1570924800000,14136.964281
2112,1571011200000,14146.117402
2113,1571097600000,14164.159
2114,1571184000000,14113.500793
2115,1571270400000,14145.173221
2116,1571356800000,14131.0365
2117,1571443200000,14131.0365
2118,1571529600000,14148.697973
2119,1571616000000,14069.598955
2120,1571702400000,14097.671446
2121,1571788800000,13997.489731
2122,1571875200000,14061.012168
2123,1571961600000,14030.95432
2124,1572048000000,14031.7715
2125,1572134400000,14026.773696
2126,1572220800000,14024.104718
2127,1572307200000,14008.784
2128,1572393600000,13990.251637
2129,1572480000000,14023.221081
2130,1572566400000,13992.2
2131,1572652800000,14019.919
2132,1572739200000,14021.429082
2133,1572825600000,14061.159937
2134,1572912000000,14045.5595
2135,1572998400000,14012.588077
2136,1573084800000,13978.867739
2137,1573171200000,14017.684
2138,1573257600000,14017.684
2139,1573344000000,14014.633329
2140,1573430400000,14001.152359
2141,1573516800000,14062.332392
2142,1573603200000,14080.359977
2143,1573689600000,14081.275009
2144,1573776000000,14072.393
2145,1573862400000,14073.4575
2146,1573948800000,14045.050622
2147,1574035200000,14061.753
2148,1574121600000,14089.812
2149,1574208000000,14038.835572
2150,1574294400000,14075.808356
2151,1574380800000,14091.0855
2152,1574467200000,14091.0855
2153,1574553600000,14087.735205
2154,1574640000000,14068.328287
2155,1574726400000,14080.7375
2156,1574812800000,14094.038748
2157,1574899200000,14077.010416
2158,1574985600000,14086.205
2159,1575072000000,14085.849
2160,1575158400000,14076.905917
2161,1575244800000,14128.684663
2162,1575331200000,14102.146566
2163,1575417600000,14105.0
2164,1575504000000,13971.750579
2165,1575590400000,14023.895
2166,1575676800000,14023.895
2167,1575763200000,14027.215669
2168,1575849600000,14009.145819
2169,1575936000000,14011.393644
2170,1576022400000,13980.327025
2171,1576108800000,13938.1015
2172,1576195200000,13973.6055
2173,1576281600000,13973.6055
2174,1576368000000,13967.622236
2175,1576454400000,14015.154812
2176,1576540800000,13984.3655
2177,1576627200000,13970.220395
2178,1576713600000,13984.097987
2179,1576800000000,13966.784
2180,1576886400000,13966.784
2181,1576972800000,13962.027598
2182,1577059200000,13960.447885
2183,1577145600000,13959.151097
2184,1577232000000,13941.064342
2185,1577318400000,13956.775522
2186,1577404800000,13956.1685
2187,1577491200000,13956.1685
2188,1577577600000,13949.513717
2189,1577664000000,13925.0
2190,1577750400000,13883.0
2191,1577836800000,13893.633074
2192,1577923200000,13888.021053
2193,1578009600000,13940.1825
2194,1578096000000,13940.1825
2195,1578182400000,13936.732056
2196,1578268800000,13894.159514
2197,1578355200000,13864.791928
2198,1578441600000,13901.661822
2199,1578528000000,13829.261018
2200,1578614400000,13757.227
2201,1578700800000,13757.227
2202,1578787200000,13733.649383
2203,1578873600000,13670.897531
2204,1578960000000,13672.249
2205,1579046400000,13669.5805
2206,1579132800000,13622.9465
2207,1579219200000,13648.0
2208,1579305600000,13648.0
2209,1579392000000,13660.178872
2210,1579478400000,13621.0
2211,1579564800000,13660.618
2212,1579651200000,13629.541708
2213,1579737600000,13614.427232
2214,1579824000000,13609.55
2215,1579910400000,13609.55
2216,1579996800000,13717.195718
2217,1580083200000,13217.418145
2218,1580169600000,13609.5155
2219,1580256000000,13618.431937
2220,1580342400000,13718.5
2221,1580428800000,13772.2
2222,1580515200000,13772.2
2223,1580601600000,13643.963886
2224,1580688000000,13742.560766
2225,1580774400000,13719.0
2226,1580860800000,13670.86047
2227,1580947200000,13643.370214
2228,1581033600000,13681.7155
2229,1581120000000,13681.7155
2230,1581206400000,13676.91931
2231,1581292800000,13706.980351
2232,1581379200000,13666.208
2233,1581465600000,13706.28597
2234,1581552000000,13682.101642
2235,1581638400000,13693.748
2236,1581724800000,13693.748
2237,1581811200000,13672.776109
2238,1581897600000,13652.596269
2239,1581984000000,13658.8625
2240,1582070400000,13664.489206
2241,1582156800000,13706.84642
2242,1582243200000,13775.2705
2243,1582329600000,13775.2705
2244,1582416000000,13786.962778
2245,1582502400000,13888.099569
2246,1582588800000,13860.9675
2247,1582675200000,13937.0
2248,1582761600000,14016.408657
2249,1582848000000,13976.496
2250,1582934400000,13976.496
2251,1583020800000,13947.217061
2252,1583107200000,14230.0
2253,1583193600000,14199.55
2254,1583280000000,14260.0
2255,1583366400000,14483.5
2256,1583452800000,14253.7645
2257,1583539200000,14256.3485
2258,1583625600000,14131.4515
2259,1583712000000,14112.302
2260,1583798400000,14433.146
2261,1583884800000,14532.0
2262,1583971200000,14550.5925
2263,1584057600000,14656.91
2264,1584144000000,14656.91
2265,1584230400000,14630.1875
2266,1584316800000,15196.0
2267,1584403200000,15166.7265
2268,1584489600000,15480.0
2269,1584576000000,15919.0
2270,1584662400000,15779.3785
2271,1584748800000,15770.8925
2272,1584835200000,15878.881
2273,1584921600000,16977.5
2274,1585008000000,16424.5035
2275,1585094400000,16218.5
2276,1585180800000,16235.177
2277,1585267200000,16019.964
2278,1585353600000,16019.964
2279,1585440000000,15946.8625
2280,1585526400000,16030.4
2281,1585612800000,16030.4
2282,1585699200000,16030.4
2283,1585785600000,16450.6815
2284,1585872000000,16644.3
2285,1585958400000,16385.932
2286,1586044800000,16383.5825
2287,1586131200000,16363.998
2288,1586217600000,16140.236
2289,1586304000000,16202.532
2290,1586390400000,15982.808
2291,1586476800000,15802.0
2292,1586563200000,15802.0
2293,1586649600000,15806.0
2294,1586736000000,15722.769
2295,1586822400000,15583.771
2296,1586908800000,15907.5
2297,1586995200000,15584.84
2298,1587081600000,15446.3145
2299,1587168000000,15444.598
2300,1587254400000,15383.9315
2301,1587340800000,15380.367
2302,1587427200000,15404.173
2303,1587513600000,15782.5
2304,1587600000000,15402.98
2305,1587686400000,15587.9
2306,1587772800000,15563.1
2307,1587859200000,15352.5555
2308,1587945600000,15315.69
2309,1588032000000,15367.715
2310,1588118400000,15247.5
2311,1588204800000,15149.7295
2312,1588291200000,14678.866
2313,1588377600000,14680.866
2314,1588464000000,14856.9865
2315,1588550400000,15049.0
2316,1588636800000,15034.6115
2317,1588723200000,15432.5
2318,1588809600000,14961.893
2319,1588896000000,14766.885
2320,1588982400000,14786.535
2321,1589068800000,14948.097
2322,1589155200000,15105.0
2323,1589241600000,14908.674
2324,1589328000000,14970.0
2325,1589414400000,14820.196
2326,1589500800000,14878.4
2327,1589587200000,14878.4
2328,1589673600000,14824.606
2329,1589760000000,14902.5
2330,1589846400000,14762.275
2331,1589932800000,14790.0
2332,1590019200000,14702.525
2333,1590105600000,14806.35
2334,1590192000000,14806.35
2335,1590278400000,14666.1165
2336,1590364800000,15017.5
2337,1590451200000,14740.6605
2338,1590537600000,14787.5
2339,1590624000000,14722.675
2340,1590710400000,14654.45
2341,1590796800000,14654.45
2342,1590883200000,14630.088
2343,1590969600000,14597.162
2344,1591056000000,14362.7
2345,1591142400000,14150.0
2346,1591228800000,14192.5
2347,1591315200000,14011.8
2348,1591401600000,14011.8
2349,1591488000000,14267.35
2350,1591574400000,14074.8
2351,1591660800000,14257.5
2352,1591747200000,14260.0
2353,1591833600000,13974.3365
2354,1591920000000,14217.05
2355,1592006400000,14217.05
2356,1592092800000,14129.904
2357,1592179200000,14002.205
2358,1592265600000,14043.8715
2359,1592352000000,14120.147
2360,1592438400000,14091.274
2361,1592524800000,14243.0
2362,1592611200000,14243.0
2363,1592697600000,14078.6475
2364,1592784000000,14313.1
2365,1592870400000,14260.55
2366,1592956800000,14149.522
2367,1593043200000,14120.4725
2368,1593129600000,14351.45
2369,1593216000000,14351.45
2370,1593302400000,14185.7875
2371,1593388800000,14172.916
2372,1593475200000,14607.5
2373,1593561600000,14255.6235
2374,1593648000000,14378.8535
2375,1593734400000,14532.5
2376,1593820800000,14532.5
2377,1593907200000,14492.5215
2378,1593993600000,14286.8425
2379,1594080000000,14440.5975
2380,1594166400000,14370.9565
2381,1594252800000,14336.8005
2382,1594339200000,14398.014
2383,1594425600000,14368.3045
2384,1594512000000,14414.44961
2385,1594598400000,14389.425609
2386,1594684800000,14407.971444
2387,1594771200000,14583.382915
2388,1594857600000,14554.63323
2389,1594944000000,14796.4
2390,1595030400000,14796.4
2391,1595116800000,14668.998957
2392,1595203200000,14759.994
2393,1595289600000,14678.404749
2394,1595376000000,14630.55
2395,1595462400000,14607.137678
2396,1595548800000,14602.75
2397,1595635200000,14602.75
2398,1595721600000,14573.485376
2399,1595808000000,14484.304159
2400,1595894400000,14572.4965
2401,1595980800000,14515.515281
2402,1596067200000,14517.711376
2403,1596153600000,14700.05
2404,1596240000000,14700.05
2405,1596326400000,14629.11549
2406,1596412800000,14582.6375
2407,1596499200000,14515.160078
2408,1596585600000,14502.139196
2409,1596672000000,14577.574481
2410,1596758400000,14714.2
2411,1596844800000,14714.2
2412,1596931200000,14673.710214
2413,1597017600000,14642.752367
2414,1597104000000,14689.522087
2415,1597190400000,14736.365685
2416,1597276800000,14729.985353
2417,1597363200000,14917.4
2418,1597449600000,14917.4
2419,1597536000000,14741.327282
2420,1597622400000,14739.859021
2421,1597708800000,14789.682
2422,1597795200000,14887.84919
2423,1597881600000,14733.543
2424,1597968000000,14764.3
2425,1598054400000,14764.3
2426,1598140800000,14776.817681
2427,1598227200000,14719.151
2428,1598313600000,14634.421783
2429,1598400000000,14638.669876
2430,1598486400000,14642.696036
2431,1598572800000,14534.7
2432,1598659200000,14534.7
2433,1598745600000,14608.979098
2434,1598832000000,14605.5
2435,1598918400000,14649.436556
2436,1599004800000,14763.420124
2437,1599091200000,14739.248257
2438,1599177600000,14753.9635
2439,1599264000000,14753.9635
2440,1599350400000,14759.496757
2441,1599436800000,14740.495473
2442,1599523200000,14846.731
2443,1599609600000,14783.555195
2444,1599696000000,15065.0
2445,1599782400000,15003.45
2446,1599868800000,15003.45
2447,1599955200000,14872.807814
2448,1600041600000,14864.097273
2449,1600128000000,14851.971018
2450,1600214400000,14823.570367
2451,1600300800000,14826.10645
2452,1600387200000,14835.602
2453,1600473600000,14835.602
2454,1600560000000,14727.111697
2455,1600646400000,14709.683651
2456,1600732800000,14750.344924
2457,1600819200000,14833.301762
2458,1600905600000,14886.303524
2459,1600992000000,14854.49
2460,1601078400000,14854.49
2461,1601164800000,14850.662012
2462,1601251200000,14869.365
2463,1601337600000,14878.019468
2464,1601424000000,14866.8055
2465,1601510400000,14825.129938
2466,1601596800000,14851.863868
2467,1601683200000,14851.8615
2468,1601769600000,14848.183538
2469,1601856000000,14788.294
2470,1601942400000,14811.5
2471,1602028800000,14740.0
2472,1602115200000,14687.877121
2473,1602201600000,14685.2
2474,1602288000000,14677.728
2475,1602374400000,14697.0455
2476,1602460800000,14679.6545
2477,1602547200000,14690.995
2478,1602633600000,14699.429086
2479,1602720000000,14671.5245
2480,1602806400000,14764.35
2481,1602892800000,14764.35
2482,1602979200000,14689.723738
2483,1603065600000,14705.008
2484,1603152000000,14547.145
2485,1603238400000,14654.062574
2486,1603324800000,14655.279236
2487,1603411200000,14653.323
2488,1603497600000,14653.323
2489,1603584000000,14669.438087
2490,1603670400000,14650.093813
2491,1603756800000,14656.877
2492,1603843200000,14699.398595
2493,1603929600000,14656.825802
2494,1604016000000,14590.9775
2495,1604102400000,14590.4515
2496,1604188800000,14635.634
2497,1604275200000,14612.7745
2498,1604361600000,14547.501218
2499,1604448000000,14531.738093
2500,1604534400000,14396.997337
2501,1604620800000,14214.837
2502,1604707200000,14214.837
2503,1604793600000,14193.401875
2504,1604880000000,14274.212
2505,1604966400000,14053.837882
2506,1605052800000,14073.1385
2507,1605139200000,14144.103565
2508,1605225600000,14161.752
2509,1605312000000,14161.752
2510,1605398400000,14128.503
2511,1605484800000,14082.435538
2512,1605571200000,14038.054785
2513,1605657600000,14053.8445
2514,1605744000000,14172.1865
2515,1605830400000,14182.5955
2516,1605916800000,14182.5955
2517,1606003200000,14155.0855
2518,1606089600000,14183.333076
2519,1606176000000,14131.7105
2520,1606262400000,14136.139465
2521,1606348800000,14090.034496
2522,1606435200000,14074.53
2523,1606521600000,14074.53
2524,1606608000000,14065.541
2525,1606694400000,14105.403438
2526,1606780800000,14121.33303
2527,1606867200000,14093.459729
2528,1606953600000,14200.0
2529,1607040000000,14147.35
2530,1607126400000,14147.35
2531,1607212800000,14091.886
2532,1607299200000,14104.386804
2533,1607385600000,14100.422846
2534,1607472000000,14099.433
2535,1607558400000,14101.419902
2536,1607644800000,14156.45
2537,1607731200000,14156.45
2538,1607817600000,14052.41
2539,1607904000000,14083.695313
2540,1607990400000,14121.356187
2541,1608076800000,14086.355
2542,1608163200000,14108.5135
2543,1608249600000,14097.478437
2544,1608336000000,14097.478437
2545,1608422400000,14149.175543
2546,1608508800000,14126.04
2547,1608595200000,14145.33145
2548,1608681600000,14179.728883
2549,1608768000000,14189.577
2550,1608854400000,14104.033
2551,1608940800000,14104.033
2552,1609027200000,14189.646
2553,1609113600000,14129.1425
2554,1609200000000,14111.406
2555,1609286400000,14019.3295
2556,1609372800000,13956.287
